finding_id,detector,severity,contract,source_file,source_location,description,vcem_relevance,disposition,rationale,remediation_or_reference
SLITHER-001,calls-loop,Low,getDsasByProvider,contracts/DSA/DsaEnumerator.sol,contracts/DSA/DsaEnumerator.sol:88-89-90-91-92-93-94-95-96-97-98-99-100-101-102-103-104-105-106-107-108-109-110-111-112-113-114-115-116-117-118-119-120-121-122-123-124-125-126-127-128-129-130-131-132-133,"DsaEnumerator.getDsasByProvider(address,string,uint256,uint256) (contracts/DSA/DsaEnumerator.sol#88-133) has external calls inside a loop: ! applyFilter || dsaContract.getDsaState(dsaIds[i_scope_0]) == targetState (contracts/DSA/DsaEnumerator.sol#124-125)",legacy/non-VCEM,accepted-risk,External calls in loops are low-severity scalability warnings in enumerator or validation paths; changing them would alter retained interfaces or legacy behavior.,Retained for compatibility; monitor gas bounds for production-scale use.
SLITHER-002,calls-loop,Low,getRecipientDsaCount,contracts/DSA/DsaEnumerator.sol,contracts/DSA/DsaEnumerator.sol:135-136-137-138-139-140-141-142-143-144-145-146-147-148-149-150-151-152-153-154-155-156-157,"DsaEnumerator.getRecipientDsaCount(address,string) (contracts/DSA/DsaEnumerator.sol#135-157) has external calls inside a loop: ! applyFilter || dsaContract.getDsaState(dsaIds[i]) == targetState (contracts/DSA/DsaEnumerator.sol#149-150)",legacy/non-VCEM,accepted-risk,External calls in loops are low-severity scalability warnings in enumerator or validation paths; changing them would alter retained interfaces or legacy behavior.,Retained for compatibility; monitor gas bounds for production-scale use.
SLITHER-003,calls-loop,Low,getProviderDsaCount,contracts/DSA/DsaEnumerator.sol,contracts/DSA/DsaEnumerator.sol:65-66-67-68-69-70-71-72-73-74-75-76-77-78-79-80-81-82-83-84-85-86,"DsaEnumerator.getProviderDsaCount(address,string) (contracts/DSA/DsaEnumerator.sol#65-86) has external calls inside a loop: ! applyFilter || dsaContract.getDsaState(dsaIds[i]) == targetState (contracts/DSA/DsaEnumerator.sol#79-80)",legacy/non-VCEM,accepted-risk,External calls in loops are low-severity scalability warnings in enumerator or validation paths; changing them would alter retained interfaces or legacy behavior.,Retained for compatibility; monitor gas bounds for production-scale use.
SLITHER-004,calls-loop,Low,getRsasByProvider,contracts/RSA/RsaEnumerator.sol,contracts/RSA/RsaEnumerator.sol:125-126-127-128-129-130-131-132-133-134-135-136-137-138-139-140-141-142-143-144-145-146-147-148-149-150-151-152-153-154-155-156-157-158-159-160-161-162-163-164-165-166-167-168-169-170-171-172,"RsaEnumerator.getRsasByProvider(address,string,uint256,uint256) (contracts/RSA/RsaEnumerator.sol#125-172) has external calls inside a loop: result[index] = rsaContract.getRsaInfo(rsaIds[i_scope_0]) (contracts/RSA/RsaEnumerator.sol#166)",legacy/non-VCEM,accepted-risk,External calls in loops are low-severity scalability warnings in enumerator or validation paths; changing them would alter retained interfaces or legacy behavior.,Retained for compatibility; monitor gas bounds for production-scale use.
SLITHER-005,calls-loop,Low,getObserverRsaCount,contracts/RSA/RsaEnumerator.sol,contracts/RSA/RsaEnumerator.sol:247-248-249-250-251-252-253-254-255-256-257-258-259-260-261-262-263-264-265-266-267-268-269-270-271-272-273-274-275-276-277-278,"RsaEnumerator.getObserverRsaCount(address,string) (contracts/RSA/RsaEnumerator.sol#247-278) has external calls inside a loop: assignments = rsaContract.getObserverAssignments(rsaIds[i]) (contracts/RSA/RsaEnumerator.sol#260-263)",legacy/non-VCEM,accepted-risk,External calls in loops are low-severity scalability warnings in enumerator or validation paths; changing them would alter retained interfaces or legacy behavior.,Retained for compatibility; monitor gas bounds for production-scale use.
SLITHER-006,calls-loop,Low,getRsasByProvider,contracts/RSA/RsaEnumerator.sol,contracts/RSA/RsaEnumerator.sol:125-126-127-128-129-130-131-132-133-134-135-136-137-138-139-140-141-142-143-144-145-146-147-148-149-150-151-152-153-154-155-156-157-158-159-160-161-162-163-164-165-166-167-168-169-170-171-172,"RsaEnumerator.getRsasByProvider(address,string,uint256,uint256) (contracts/RSA/RsaEnumerator.sol#125-172) has external calls inside a loop: ! applyFilter || rsaContract.getRsaState(rsaIds[i]) == targetState (contracts/RSA/RsaEnumerator.sol#144-145)",legacy/non-VCEM,accepted-risk,External calls in loops are low-severity scalability warnings in enumerator or validation paths; changing them would alter retained interfaces or legacy behavior.,Retained for compatibility; monitor gas bounds for production-scale use.
SLITHER-007,calls-loop,Low,getProviderRsaCount,contracts/RSA/RsaEnumerator.sol,contracts/RSA/RsaEnumerator.sol:102-103-104-105-106-107-108-109-110-111-112-113-114-115-116-117-118-119-120-121-122-123,"RsaEnumerator.getProviderRsaCount(address,string) (contracts/RSA/RsaEnumerator.sol#102-123) has external calls inside a loop: ! applyFilter || rsaContract.getRsaState(rsaIds[i]) == targetState (contracts/RSA/RsaEnumerator.sol#116-117)",legacy/non-VCEM,accepted-risk,External calls in loops are low-severity scalability warnings in enumerator or validation paths; changing them would alter retained interfaces or legacy behavior.,Retained for compatibility; monitor gas bounds for production-scale use.
SLITHER-008,calls-loop,Low,getRecipientRsaCount,contracts/RSA/RsaEnumerator.sol,contracts/RSA/RsaEnumerator.sol:174-175-176-177-178-179-180-181-182-183-184-185-186-187-188-189-190-191-192-193-194-195-196,"RsaEnumerator.getRecipientRsaCount(address,string) (contracts/RSA/RsaEnumerator.sol#174-196) has external calls inside a loop: ! applyFilter || rsaContract.getRsaState(rsaIds[i]) == targetState (contracts/RSA/RsaEnumerator.sol#188-189)",legacy/non-VCEM,accepted-risk,External calls in loops are low-severity scalability warnings in enumerator or validation paths; changing them would alter retained interfaces or legacy behavior.,Retained for compatibility; monitor gas bounds for production-scale use.
SLITHER-009,calls-loop,Low,getRsasByObserver,contracts/RSA/RsaEnumerator.sol,contracts/RSA/RsaEnumerator.sol:280-281-282-283-284-285-286-287-288-289-290-291-292-293-294-295-296-297-298-299-300-301-302-303-304-305-306-307-308-309-310-311-312-313-314-315-316-317-318-319-320-321-322-323-324-325-326-327-328-329-330-331,"RsaEnumerator.getRsasByObserver(address,string,uint256,uint256) (contracts/RSA/RsaEnumerator.sol#280-331) has external calls inside a loop: assignments = rsaContract.getObserverAssignments(rsaIds[i]) (contracts/RSA/RsaEnumerator.sol#296-299)",legacy/non-VCEM,accepted-risk,External calls in loops are low-severity scalability warnings in enumerator or validation paths; changing them would alter retained interfaces or legacy behavior.,Retained for compatibility; monitor gas bounds for production-scale use.
SLITHER-010,calls-loop,Low,getRsasByRecipient,contracts/RSA/RsaEnumerator.sol,contracts/RSA/RsaEnumerator.sol:198-199-200-201-202-203-204-205-206-207-208-209-210-211-212-213-214-215-216-217-218-219-220-221-222-223-224-225-226-227-228-229-230-231-232-233-234-235-236-237-238-239-240-241-242-243-244-245,"RsaEnumerator.getRsasByRecipient(address,string,uint256,uint256) (contracts/RSA/RsaEnumerator.sol#198-245) has external calls inside a loop: result[index] = rsaContract.getRsaInfo(rsaIds[i_scope_0]) (contracts/RSA/RsaEnumerator.sol#238)",legacy/non-VCEM,accepted-risk,External calls in loops are low-severity scalability warnings in enumerator or validation paths; changing them would alter retained interfaces or legacy behavior.,Retained for compatibility; monitor gas bounds for production-scale use.
SLITHER-011,calls-loop,Low,getDsasByRecipient,contracts/DSA/DsaEnumerator.sol,contracts/DSA/DsaEnumerator.sol:159-160-161-162-163-164-165-166-167-168-169-170-171-172-173-174-175-176-177-178-179-180-181-182-183-184-185-186-187-188-189-190-191-192-193-194-195-196-197-198-199-200-201-202-203-204,"DsaEnumerator.getDsasByRecipient(address,string,uint256,uint256) (contracts/DSA/DsaEnumerator.sol#159-204) has external calls inside a loop: result[index] = dsaContract.getDsaInfo(dsaIds[i_scope_0]) (contracts/DSA/DsaEnumerator.sol#197)",legacy/non-VCEM,accepted-risk,External calls in loops are low-severity scalability warnings in enumerator or validation paths; changing them would alter retained interfaces or legacy behavior.,Retained for compatibility; monitor gas bounds for production-scale use.
SLITHER-012,calls-loop,Low,createRsa,contracts/RSA/ResourcesSharingAgreement.sol,contracts/RSA/ResourcesSharingAgreement.sol:317-318-319-320-321-322-323-324-325-326-327-328-329-330-331-332-333-334-335-336-337-338-339-340-341-342-343-344-345-346-347-348-349-350-351-352-353-354-355-356-357-358-359-360-361-362-363-364-365-366-367-368-369-370-371-372-373-374-375-376-377-378-379-380-381-382-383-384-385-386-387-388-389-390-391-392-393-394-395-396-397-398-399-400-401-402-403-404-405-406,"ResourcesSharingAgreement.createRsa(address,string,string,bool,string[]) (contracts/RSA/ResourcesSharingAgreement.sol#317-406) has external calls inside a loop: (certifiedResourceId,subject,issuer,issuedAt) = resourceCertificationContract.verifyResource(_sharedResources[i]) (contracts/RSA/ResourcesSharingAgreement.sol#356-361)",legacy/non-VCEM,accepted-risk,External calls in loops are low-severity scalability warnings in enumerator or validation paths; changing them would alter retained interfaces or legacy behavior.,Retained for compatibility; monitor gas bounds for production-scale use.
SLITHER-013,calls-loop,Low,getDsasByProvider,contracts/DSA/DsaEnumerator.sol,contracts/DSA/DsaEnumerator.sol:88-89-90-91-92-93-94-95-96-97-98-99-100-101-102-103-104-105-106-107-108-109-110-111-112-113-114-115-116-117-118-119-120-121-122-123-124-125-126-127-128-129-130-131-132-133,"DsaEnumerator.getDsasByProvider(address,string,uint256,uint256) (contracts/DSA/DsaEnumerator.sol#88-133) has external calls inside a loop: ! applyFilter || dsaContract.getDsaState(dsaIds[i]) == targetState (contracts/DSA/DsaEnumerator.sol#107-108)",legacy/non-VCEM,accepted-risk,External calls in loops are low-severity scalability warnings in enumerator or validation paths; changing them would alter retained interfaces or legacy behavior.,Retained for compatibility; monitor gas bounds for production-scale use.
SLITHER-014,calls-loop,Low,getRsasByRecipient,contracts/RSA/RsaEnumerator.sol,contracts/RSA/RsaEnumerator.sol:198-199-200-201-202-203-204-205-206-207-208-209-210-211-212-213-214-215-216-217-218-219-220-221-222-223-224-225-226-227-228-229-230-231-232-233-234-235-236-237-238-239-240-241-242-243-244-245,"RsaEnumerator.getRsasByRecipient(address,string,uint256,uint256) (contracts/RSA/RsaEnumerator.sol#198-245) has external calls inside a loop: ! applyFilter || rsaContract.getRsaState(rsaIds[i_scope_0]) == targetState (contracts/RSA/RsaEnumerator.sol#234-235)",legacy/non-VCEM,accepted-risk,External calls in loops are low-severity scalability warnings in enumerator or validation paths; changing them would alter retained interfaces or legacy behavior.,Retained for compatibility; monitor gas bounds for production-scale use.
SLITHER-015,calls-loop,Low,getDsasByRecipient,contracts/DSA/DsaEnumerator.sol,contracts/DSA/DsaEnumerator.sol:159-160-161-162-163-164-165-166-167-168-169-170-171-172-173-174-175-176-177-178-179-180-181-182-183-184-185-186-187-188-189-190-191-192-193-194-195-196-197-198-199-200-201-202-203-204,"DsaEnumerator.getDsasByRecipient(address,string,uint256,uint256) (contracts/DSA/DsaEnumerator.sol#159-204) has external calls inside a loop: ! applyFilter || dsaContract.getDsaState(dsaIds[i_scope_0]) == targetState (contracts/DSA/DsaEnumerator.sol#193-194)",legacy/non-VCEM,accepted-risk,External calls in loops are low-severity scalability warnings in enumerator or validation paths; changing them would alter retained interfaces or legacy behavior.,Retained for compatibility; monitor gas bounds for production-scale use.
SLITHER-016,calls-loop,Low,getRsasByProvider,contracts/RSA/RsaEnumerator.sol,contracts/RSA/RsaEnumerator.sol:125-126-127-128-129-130-131-132-133-134-135-136-137-138-139-140-141-142-143-144-145-146-147-148-149-150-151-152-153-154-155-156-157-158-159-160-161-162-163-164-165-166-167-168-169-170-171-172,"RsaEnumerator.getRsasByProvider(address,string,uint256,uint256) (contracts/RSA/RsaEnumerator.sol#125-172) has external calls inside a loop: ! applyFilter || rsaContract.getRsaState(rsaIds[i_scope_0]) == targetState (contracts/RSA/RsaEnumerator.sol#163-164)",legacy/non-VCEM,accepted-risk,External calls in loops are low-severity scalability warnings in enumerator or validation paths; changing them would alter retained interfaces or legacy behavior.,Retained for compatibility; monitor gas bounds for production-scale use.
SLITHER-017,calls-loop,Low,getDsasByProvider,contracts/DSA/DsaEnumerator.sol,contracts/DSA/DsaEnumerator.sol:88-89-90-91-92-93-94-95-96-97-98-99-100-101-102-103-104-105-106-107-108-109-110-111-112-113-114-115-116-117-118-119-120-121-122-123-124-125-126-127-128-129-130-131-132-133,"DsaEnumerator.getDsasByProvider(address,string,uint256,uint256) (contracts/DSA/DsaEnumerator.sol#88-133) has external calls inside a loop: result[index] = dsaContract.getDsaInfo(dsaIds[i_scope_0]) (contracts/DSA/DsaEnumerator.sol#127)",legacy/non-VCEM,accepted-risk,External calls in loops are low-severity scalability warnings in enumerator or validation paths; changing them would alter retained interfaces or legacy behavior.,Retained for compatibility; monitor gas bounds for production-scale use.
SLITHER-018,calls-loop,Low,getRsasByRecipient,contracts/RSA/RsaEnumerator.sol,contracts/RSA/RsaEnumerator.sol:198-199-200-201-202-203-204-205-206-207-208-209-210-211-212-213-214-215-216-217-218-219-220-221-222-223-224-225-226-227-228-229-230-231-232-233-234-235-236-237-238-239-240-241-242-243-244-245,"RsaEnumerator.getRsasByRecipient(address,string,uint256,uint256) (contracts/RSA/RsaEnumerator.sol#198-245) has external calls inside a loop: ! applyFilter || rsaContract.getRsaState(rsaIds[i]) == targetState (contracts/RSA/RsaEnumerator.sol#214-215)",legacy/non-VCEM,accepted-risk,External calls in loops are low-severity scalability warnings in enumerator or validation paths; changing them would alter retained interfaces or legacy behavior.,Retained for compatibility; monitor gas bounds for production-scale use.
SLITHER-019,calls-loop,Low,getRsasByObserver,contracts/RSA/RsaEnumerator.sol,contracts/RSA/RsaEnumerator.sol:280-281-282-283-284-285-286-287-288-289-290-291-292-293-294-295-296-297-298-299-300-301-302-303-304-305-306-307-308-309-310-311-312-313-314-315-316-317-318-319-320-321-322-323-324-325-326-327-328-329-330-331,"RsaEnumerator.getRsasByObserver(address,string,uint256,uint256) (contracts/RSA/RsaEnumerator.sol#280-331) has external calls inside a loop: result[index] = rsaContract.getRsaInfo(rsaIds[rsaIndex]) (contracts/RSA/RsaEnumerator.sol#326)",legacy/non-VCEM,accepted-risk,External calls in loops are low-severity scalability warnings in enumerator or validation paths; changing them would alter retained interfaces or legacy behavior.,Retained for compatibility; monitor gas bounds for production-scale use.
SLITHER-020,calls-loop,Low,getDsasByRecipient,contracts/DSA/DsaEnumerator.sol,contracts/DSA/DsaEnumerator.sol:159-160-161-162-163-164-165-166-167-168-169-170-171-172-173-174-175-176-177-178-179-180-181-182-183-184-185-186-187-188-189-190-191-192-193-194-195-196-197-198-199-200-201-202-203-204,"DsaEnumerator.getDsasByRecipient(address,string,uint256,uint256) (contracts/DSA/DsaEnumerator.sol#159-204) has external calls inside a loop: ! applyFilter || dsaContract.getDsaState(dsaIds[i]) == targetState (contracts/DSA/DsaEnumerator.sol#175-176)",legacy/non-VCEM,accepted-risk,External calls in loops are low-severity scalability warnings in enumerator or validation paths; changing them would alter retained interfaces or legacy behavior.,Retained for compatibility; monitor gas bounds for production-scale use.
SLITHER-021,timestamp,Low,authorizeAndLogAccess,contracts/vcem/VCEMAudit.sol,contracts/vcem/VCEMAudit.sol:110-111-112-113-114-115-116-117-118-119-120-121-122-123-124-125-126-127-128-129-130-131-132-133-134-135-136-137-138-139-140-141-142-143-144-145-146-147-148-149-150-151-152-153-154-155-156-157-158-159-160-161-162-163,"VCEMAudit.authorizeAndLogAccess(VCEMAudit.AccessRequest,bytes) (contracts/vcem/VCEMAudit.sol#110-163) uses timestamp for comparisons Dangerous comparisons: - require(bool,string)(block.timestamp <= request.requestExpiry,VCEMAudit: expired request) (contracts/vcem/VCEMAudit.sol#117)",direct,accepted-risk,"VCEM intentionally uses block timestamps for request expiry, consent/audit ordering, and event evidence; expiry windows tolerate normal validator drift and are covered by expired-request tests.",See tests for expired requests and reports/security/VCEM_SECURITY_INVARIANTS.md.
SLITHER-022,timestamp,Low,createDsa,contracts/DSA/DataSharingAgreement.sol,contracts/DSA/DataSharingAgreement.sol:122-123-124-125-126-127-128-129-130-131-132-133-134-135-136-137-138-139-140-141-142-143-144-145-146-147-148-149-150-151-152-153-154-155-156-157-158-159-160-161,"DataSharingAgreement.createDsa(address,string,string) (contracts/DSA/DataSharingAgreement.sol#122-161) uses timestamp for comparisons Dangerous comparisons: - require(bool,string)(dsas[dsaId].provider == address(0),DSA already exists) (contracts/DSA/DataSharingAgreement.sol#137)",legacy/non-VCEM,accepted-risk,Legacy timestamp use is outside the VCEM authorization claim and is retained for backward compatibility.,See tests for expired requests and reports/security/VCEM_SECURITY_INVARIANTS.md.
SLITHER-023,timestamp,Low,cancelDsa,contracts/DSA/DataSharingAgreement.sol,contracts/DSA/DataSharingAgreement.sol:199-200-201-202-203-204-205-206-207-208-209,"DataSharingAgreement.cancelDsa(bytes20) (contracts/DSA/DataSharingAgreement.sol#199-209) uses timestamp for comparisons Dangerous comparisons: - require(bool,string)(dsas[_dsaId].provider == msg.sender,Not the provider) (contracts/DSA/DataSharingAgreement.sol#200) - dsas[_dsaId].state != DsaState.Pending (contracts/DSA/DataSharingAgreement.sol#201)",legacy/non-VCEM,accepted-risk,Legacy timestamp use is outside the VCEM authorization claim and is retained for backward compatibility.,See tests for expired requests and reports/security/VCEM_SECURITY_INVARIANTS.md.
SLITHER-024,timestamp,Low,createObserverAssignment,contracts/RSA/ResourcesSharingAgreement.sol,contracts/RSA/ResourcesSharingAgreement.sol:502-503-504-505-506-507-508-509-510-511-512-513-514-515-516-517-518-519-520-521-522-523-524-525-526-527-528-529-530-531-532-533-534-535-536-537-538-539-540-541-542-543-544-545-546-547-548-549-550-551-552-553-554-555-556-557-558-559-560-561-562-563-564-565-566-567-568-569,"ResourcesSharingAgreement.createObserverAssignment(bytes20,address,string) (contracts/RSA/ResourcesSharingAgreement.sol#502-569) uses timestamp for comparisons Dangerous comparisons: - require(bool,string)(rsa.secondOpinion,Adding observers not allowed) (contracts/RSA/ResourcesSharingAgreement.sol#509)",legacy/non-VCEM,accepted-risk,Legacy timestamp use is outside the VCEM authorization claim and is retained for backward compatibility.,See tests for expired requests and reports/security/VCEM_SECURITY_INVARIANTS.md.
SLITHER-025,timestamp,Low,acceptDsaWithProof,contracts/DataSharingAgreementZKP.sol,contracts/DataSharingAgreementZKP.sol:80-81-82-83-84-85-86-87-88-89-90-91-92-93-94-95-96-97-98-99-100,"DataSharingAgreementZKP.acceptDsaWithProof(uint256,string,uint256[2],uint256[2][2],uint256[2],uint256[1]) (contracts/DataSharingAgreementZKP.sol#80-100) uses timestamp for comparisons Dangerous comparisons: - dsas[dsaId].providerCommitment != _providerCommitment (contracts/DataSharingAgreementZKP.sol#92) - dsas[dsaId].state != DsaState.Pending (contracts/DataSharingAgreementZKP.sol#93)",legacy/non-VCEM,accepted-risk,Legacy timestamp use is outside the VCEM authorization claim and is retained for backward compatibility.,See tests for expired requests and reports/security/VCEM_SECURITY_INVARIANTS.md.
SLITHER-026,timestamp,Low,createDsaWithProof,contracts/DataSharingAgreementZKP.sol,contracts/DataSharingAgreementZKP.sol:49-50-51-52-53-54-55-56-57-58-59-60-61-62-63-64-65-66-67-68-69-70-71-72-73-74-75-76-77-78,"DataSharingAgreementZKP.createDsaWithProof(string,string,uint256[2],uint256[2][2],uint256[2],uint256[1]) (contracts/DataSharingAgreementZKP.sol#49-78) uses timestamp for comparisons Dangerous comparisons: - dsas[dsaId].providerCommitment != 0 (contracts/DataSharingAgreementZKP.sol#63)",legacy/non-VCEM,accepted-risk,Legacy timestamp use is outside the VCEM authorization claim and is retained for backward compatibility.,See tests for expired requests and reports/security/VCEM_SECURITY_INVARIANTS.md.
SLITHER-027,timestamp,Low,createRsa,contracts/RSA/ResourcesSharingAgreement.sol,contracts/RSA/ResourcesSharingAgreement.sol:317-318-319-320-321-322-323-324-325-326-327-328-329-330-331-332-333-334-335-336-337-338-339-340-341-342-343-344-345-346-347-348-349-350-351-352-353-354-355-356-357-358-359-360-361-362-363-364-365-366-367-368-369-370-371-372-373-374-375-376-377-378-379-380-381-382-383-384-385-386-387-388-389-390-391-392-393-394-395-396-397-398-399-400-401-402-403-404-405-406,"ResourcesSharingAgreement.createRsa(address,string,string,bool,string[]) (contracts/RSA/ResourcesSharingAgreement.sol#317-406) uses timestamp for comparisons Dangerous comparisons: - require(bool,string)(rsas[rsaId].provider == address(0),Rsa already exists between these parties) (contracts/RSA/ResourcesSharingAgreement.sol#344-347) - require(bool,string)(issuedAt <= block.timestamp,Invalid certification timestamp) (contracts/RSA/ResourcesSharingAgreement.sol#365)",legacy/non-VCEM,accepted-risk,Legacy timestamp use is outside the VCEM authorization claim and is retained for backward compatibility.,See tests for expired requests and reports/security/VCEM_SECURITY_INVARIANTS.md.
SLITHER-028,timestamp,Low,acceptRsa,contracts/RSA/ResourcesSharingAgreement.sol,contracts/RSA/ResourcesSharingAgreement.sol:442-443-444-445-446-447-448-449-450-451-452-453-454,"ResourcesSharingAgreement.acceptRsa(bytes20) (contracts/RSA/ResourcesSharingAgreement.sol#442-454) uses timestamp for comparisons Dangerous comparisons: - require(bool,string)(rsa.provider != address(0),Invalid Rsa ID) (contracts/RSA/ResourcesSharingAgreement.sol#444) - require(bool,string)(rsa.state == RsaState.Pending,Rsa is not pending) (contracts/RSA/ResourcesSharingAgreement.sol#446)",legacy/non-VCEM,accepted-risk,Legacy timestamp use is outside the VCEM authorization claim and is retained for backward compatibility.,See tests for expired requests and reports/security/VCEM_SECURITY_INVARIANTS.md.
SLITHER-029,timestamp,Low,getDsaInfo,contracts/DataSharingAgreementZKP.sol,contracts/DataSharingAgreementZKP.sol:102-103-104-105-106-107-108-109-110-111-112-113-114-115,"DataSharingAgreementZKP.getDsaInfo(bytes20) (contracts/DataSharingAgreementZKP.sol#102-115) uses timestamp for comparisons Dangerous comparisons: - require(bool,string)(dsa.providerCommitment != 0,DSA not found) (contracts/DataSharingAgreementZKP.sol#104)",legacy/non-VCEM,accepted-risk,Legacy timestamp use is outside the VCEM authorization claim and is retained for backward compatibility.,See tests for expired requests and reports/security/VCEM_SECURITY_INVARIANTS.md.
SLITHER-030,timestamp,Low,acceptDsa,contracts/DSA/DataSharingAgreement.sol,contracts/DSA/DataSharingAgreement.sol:163-164-165-166-167-168-169-170-171-172-173,"DataSharingAgreement.acceptDsa(bytes20) (contracts/DSA/DataSharingAgreement.sol#163-173) uses timestamp for comparisons Dangerous comparisons: - require(bool,string)(dsas[_dsaId].recipient == msg.sender,Not the recipient) (contracts/DSA/DataSharingAgreement.sol#168) - dsas[_dsaId].state != DsaState.Pending (contracts/DSA/DataSharingAgreement.sol#169)",legacy/non-VCEM,accepted-risk,Legacy timestamp use is outside the VCEM authorization claim and is retained for backward compatibility.,See tests for expired requests and reports/security/VCEM_SECURITY_INVARIANTS.md.
SLITHER-031,timestamp,Low,burnDsa,contracts/DSA/DataSharingAgreement.sol,contracts/DSA/DataSharingAgreement.sol:175-176-177-178-179-180-181-182-183-184-185,"DataSharingAgreement.burnDsa(bytes20) (contracts/DSA/DataSharingAgreement.sol#175-185) uses timestamp for comparisons Dangerous comparisons: - require(bool,string)(dsas[_dsaId].provider != address(0),DSA not found) (contracts/DSA/DataSharingAgreement.sol#176)",legacy/non-VCEM,accepted-risk,Legacy timestamp use is outside the VCEM authorization claim and is retained for backward compatibility.,See tests for expired requests and reports/security/VCEM_SECURITY_INVARIANTS.md.
SLITHER-032,timestamp,Low,getDsaInfo,contracts/DSA/DataSharingAgreement.sol,contracts/DSA/DataSharingAgreement.sol:247-248-249-250-251,"DataSharingAgreement.getDsaInfo(bytes20) (contracts/DSA/DataSharingAgreement.sol#247-251) uses timestamp for comparisons Dangerous comparisons: - require(bool,string)(dsa.provider != address(0),DSA not found) (contracts/DSA/DataSharingAgreement.sol#249)",legacy/non-VCEM,accepted-risk,Legacy timestamp use is outside the VCEM authorization claim and is retained for backward compatibility.,See tests for expired requests and reports/security/VCEM_SECURITY_INVARIANTS.md.
SLITHER-033,timestamp,Low,getDsaState,contracts/DataSharingAgreementZKP.sol,contracts/DataSharingAgreementZKP.sol:117-118-119-120,"DataSharingAgreementZKP.getDsaState(bytes20) (contracts/DataSharingAgreementZKP.sol#117-120) uses timestamp for comparisons Dangerous comparisons: - require(bool,string)(dsas[_dsaId].providerCommitment != 0,DSA not found) (contracts/DataSharingAgreementZKP.sol#118)",legacy/non-VCEM,accepted-risk,Legacy timestamp use is outside the VCEM authorization claim and is retained for backward compatibility.,See tests for expired requests and reports/security/VCEM_SECURITY_INVARIANTS.md.
SLITHER-034,timestamp,Low,authorizeAndLogAccess,contracts/RSA/ResourcesSharingAgreement.sol,contracts/RSA/ResourcesSharingAgreement.sol:721-722-723-724-725-726-727-728-729-730-731-732-733-734-735-736-737-738-739-740-741-742-743-744-745-746-747-748-749-750-751-752-753-754-755-756-757-758-759-760-761-762-763-764-765-766-767-768-769-770-771-772,"ResourcesSharingAgreement.authorizeAndLogAccess(bytes20,string,address,string) (contracts/RSA/ResourcesSharingAgreement.sol#721-772) uses timestamp for comparisons Dangerous comparisons: - require(bool,string)(rsa.state == RsaState.Active,Rsa is not active) (contracts/RSA/ResourcesSharingAgreement.sol#736) - require(bool,string)(block.timestamp <= rsa.expiresAt,Rsa has expired) (contracts/RSA/ResourcesSharingAgreement.sol#739) - require(bool,string)(_isSharedResource(rsa,_resourceId),Resource ID not shared in this Rsa) (contracts/RSA/ResourcesSharingAgreement.sol#742-745) - require(bool,string)(keccak256(bytes)(bytes(rsa.recipientEmail)) == keccak256(bytes)(bytes(_resourceAccessorEmail)) || _isObserverEmail(_rsaId,_resourceAccessorEmail),Email does not match Rsa recipient email) (contracts/RSA/ResourcesSharingAgreement.sol#749-754) - require(bool,string)(_resourceAccessor == rsa.recipient || _isObserver(_rsaId,_resourceAccessor),Accessor must be recipient or an observer) (contracts/RSA/ResourcesSharingAgreement.sol#756-760)",legacy/non-VCEM,accepted-risk,Legacy timestamp use is outside the VCEM authorization claim and is retained for backward compatibility.,See tests for expired requests and reports/security/VCEM_SECURITY_INVARIANTS.md.
SLITHER-035,timestamp,Low,removeCertificate,contracts/ResourceCertification.sol,contracts/ResourceCertification.sol:80-81-82-83-84-85-86-87-88-89-90-91-92-93-94-95-96-97-98-99-100-101-102-103-104-105-106-107-108,ResourceCertification.removeCertificate(string) (contracts/ResourceCertification.sol#80-108) uses timestamp for comparisons Dangerous comparisons: - indexToRemove != lastIndex (contracts/ResourceCertification.sol#92),legacy/non-VCEM,accepted-risk,Legacy timestamp use is outside the VCEM authorization claim and is retained for backward compatibility.,See tests for expired requests and reports/security/VCEM_SECURITY_INVARIANTS.md.
SLITHER-036,timestamp,Low,revokeRsa,contracts/RSA/ResourcesSharingAgreement.sol,contracts/RSA/ResourcesSharingAgreement.sol:456-457-458-459-460-461-462-463-464-465-466-467-468-469-470-471-472-473-474-475-476-477-478-479-480-481-482-483-484-485-486-487-488-489-490-491-492-493-494-495-496-497-498-499-500,"ResourcesSharingAgreement.revokeRsa(bytes20) (contracts/RSA/ResourcesSharingAgreement.sol#456-500) uses timestamp for comparisons Dangerous comparisons: - require(bool,string)(rsa.provider != address(0),Invalid Rsa ID) (contracts/RSA/ResourcesSharingAgreement.sol#458) - require(bool,string)(msg.sender == rsa.provider || msg.sender == rsa.recipient,Only provider or recipient can revoke Rsa) (contracts/RSA/ResourcesSharingAgreement.sol#460-463)",legacy/non-VCEM,accepted-risk,Legacy timestamp use is outside the VCEM authorization claim and is retained for backward compatibility.,See tests for expired requests and reports/security/VCEM_SECURITY_INVARIANTS.md.
SLITHER-037,timestamp,Low,getDsaState,contracts/DSA/DataSharingAgreement.sol,contracts/DSA/DataSharingAgreement.sol:269-270-271-272,"DataSharingAgreement.getDsaState(bytes20) (contracts/DSA/DataSharingAgreement.sol#269-272) uses timestamp for comparisons Dangerous comparisons: - require(bool,string)(dsas[_dsaId].provider != address(0),DSA not found) (contracts/DSA/DataSharingAgreement.sol#270)",legacy/non-VCEM,accepted-risk,Legacy timestamp use is outside the VCEM authorization claim and is retained for backward compatibility.,See tests for expired requests and reports/security/VCEM_SECURITY_INVARIANTS.md.
SLITHER-038,timestamp,Low,rejectDsa,contracts/DSA/DataSharingAgreement.sol,contracts/DSA/DataSharingAgreement.sol:187-188-189-190-191-192-193-194-195-196-197,"DataSharingAgreement.rejectDsa(bytes20) (contracts/DSA/DataSharingAgreement.sol#187-197) uses timestamp for comparisons Dangerous comparisons: - require(bool,string)(dsas[_dsaId].recipient == msg.sender,Not the recipient) (contracts/DSA/DataSharingAgreement.sol#188) - dsas[_dsaId].state != DsaState.Pending (contracts/DSA/DataSharingAgreement.sol#189)",legacy/non-VCEM,accepted-risk,Legacy timestamp use is outside the VCEM authorization claim and is retained for backward compatibility.,See tests for expired requests and reports/security/VCEM_SECURITY_INVARIANTS.md.
SLITHER-039,timestamp,Low,revokeDsa,contracts/DSA/DataSharingAgreement.sol,contracts/DSA/DataSharingAgreement.sol:211-212-213-214-215-216-217-218-219-220-221-222-223-224-225-226,"DataSharingAgreement.revokeDsa(bytes20) (contracts/DSA/DataSharingAgreement.sol#211-226) uses timestamp for comparisons Dangerous comparisons: - require(bool,string)(dsa.provider != address(0),Invalid Dsa ID) (contracts/DSA/DataSharingAgreement.sol#213) - require(bool,string)(msg.sender == dsa.provider || msg.sender == dsa.recipient,Only provider or recipient can revoke Dsa) (contracts/DSA/DataSharingAgreement.sol#215-218)",legacy/non-VCEM,accepted-risk,Legacy timestamp use is outside the VCEM authorization claim and is retained for backward compatibility.,See tests for expired requests and reports/security/VCEM_SECURITY_INVARIANTS.md.
SLITHER-040,timestamp,Low,rejectObserverAssignment,contracts/RSA/ResourcesSharingAgreement.sol,contracts/RSA/ResourcesSharingAgreement.sol:609-610-611-612-613-614-615-616-617-618-619-620-621-622-623-624-625-626-627-628-629-630-631-632-633-634-635-636-637-638-639-640-641,"ResourcesSharingAgreement.rejectObserverAssignment(bytes20) (contracts/RSA/ResourcesSharingAgreement.sol#609-641) uses timestamp for comparisons Dangerous comparisons: - require(bool,string)(rsa.provider != address(0),Invalid Rsa ID) (contracts/RSA/ResourcesSharingAgreement.sol#611) - require(bool,string)(! assignment.accepted,Observer already accepted) (contracts/RSA/ResourcesSharingAgreement.sol#622)",legacy/non-VCEM,accepted-risk,Legacy timestamp use is outside the VCEM authorization claim and is retained for backward compatibility.,See tests for expired requests and reports/security/VCEM_SECURITY_INVARIANTS.md.
SLITHER-041,timestamp,Low,removeObserverAssignment,contracts/RSA/ResourcesSharingAgreement.sol,contracts/RSA/ResourcesSharingAgreement.sol:643-644-645-646-647-648-649-650-651-652-653-654-655-656-657-658-659-660-661-662-663-664-665-666-667-668-669-670-671-672-673-674-675-676-677-678-679-680-681-682-683-684-685-686-687-688-689-690-691-692-693-694-695-696-697-698-699-700-701-702-703-704-705-706-707-708-709-710-711-712-713-714-715-716-717-718-719,"ResourcesSharingAgreement.removeObserverAssignment(bytes20,address,string) (contracts/RSA/ResourcesSharingAgreement.sol#643-719) uses timestamp for comparisons Dangerous comparisons: - require(bool,string)(rsa.provider != address(0),Invalid Rsa ID) (contracts/RSA/ResourcesSharingAgreement.sol#649) - require(bool,string)(msg.sender == rsa.recipient || (msg.sender == _observer && assignment.accepted),Caller must be the recipient or the accepted observer themselves) (contracts/RSA/ResourcesSharingAgreement.sol#677-681) - require(bool,string)(msg.sender == rsa.recipient,Only recipient can remove observer) (contracts/RSA/ResourcesSharingAgreement.sol#683-686)",legacy/non-VCEM,accepted-risk,Legacy timestamp use is outside the VCEM authorization claim and is retained for backward compatibility.,See tests for expired requests and reports/security/VCEM_SECURITY_INVARIANTS.md.
SLITHER-042,timestamp,Low,getDsaById,contracts/DSA/DataSharingAgreement.sol,contracts/DSA/DataSharingAgreement.sol:253-254-255-256-257-258-259-260-261-262-263-264-265-266-267,"DataSharingAgreement.getDsaById(bytes20) (contracts/DSA/DataSharingAgreement.sol#253-267) uses timestamp for comparisons Dangerous comparisons: - require(bool,string)(dsa.provider != address(0),DSA not found) (contracts/DSA/DataSharingAgreement.sol#255)",legacy/non-VCEM,accepted-risk,Legacy timestamp use is outside the VCEM authorization claim and is retained for backward compatibility.,See tests for expired requests and reports/security/VCEM_SECURITY_INVARIANTS.md.
SLITHER-043,timestamp,Low,getDsaByParties,contracts/DSA/DataSharingAgreement.sol,contracts/DSA/DataSharingAgreement.sol:274-275-276-277-278-279-280-281-282-283-284-285-286-287-288-289-290-291-292,"DataSharingAgreement.getDsaByParties(address,address) (contracts/DSA/DataSharingAgreement.sol#274-292) uses timestamp for comparisons Dangerous comparisons: - require(bool,string)(dsas[dsaId].provider != address(0),DSA not found) (contracts/DSA/DataSharingAgreement.sol#279)",legacy/non-VCEM,accepted-risk,Legacy timestamp use is outside the VCEM authorization claim and is retained for backward compatibility.,See tests for expired requests and reports/security/VCEM_SECURITY_INVARIANTS.md.
SLITHER-044,timestamp,Low,_getRsaInfo,contracts/RSA/ResourcesSharingAgreement.sol,contracts/RSA/ResourcesSharingAgreement.sol:776-777-778-779-780-781-782-783-784-785-786-787-788-789-790-791-792-793-794-795-796-797-798-799-800-801-802-803,"ResourcesSharingAgreement._getRsaInfo(bytes20,ResourcesSharingAgreement.Rsa) (contracts/RSA/ResourcesSharingAgreement.sol#776-803) uses timestamp for comparisons Dangerous comparisons: - i < _rsa.observerAssignmentIds.length (contracts/RSA/ResourcesSharingAgreement.sol#785)",legacy/non-VCEM,accepted-risk,Legacy timestamp use is outside the VCEM authorization claim and is retained for backward compatibility.,See tests for expired requests and reports/security/VCEM_SECURITY_INVARIANTS.md.
SLITHER-045,timestamp,Low,acceptObserverAssignment,contracts/RSA/ResourcesSharingAgreement.sol,contracts/RSA/ResourcesSharingAgreement.sol:571-572-573-574-575-576-577-578-579-580-581-582-583-584-585-586-587-588-589-590-591-592-593-594-595-596-597-598-599-600-601-602-603-604-605-606-607,"ResourcesSharingAgreement.acceptObserverAssignment(bytes20) (contracts/RSA/ResourcesSharingAgreement.sol#571-607) uses timestamp for comparisons Dangerous comparisons: - require(bool,string)(rsa.provider != address(0),Invalid Rsa ID) (contracts/RSA/ResourcesSharingAgreement.sol#573) - require(bool,string)(! targetAssignment.accepted,Assignment already accepted) (contracts/RSA/ResourcesSharingAgreement.sol#596)",legacy/non-VCEM,accepted-risk,Legacy timestamp use is outside the VCEM authorization claim and is retained for backward compatibility.,See tests for expired requests and reports/security/VCEM_SECURITY_INVARIANTS.md.
SLITHER-046,timestamp,Low,rejectRsa,contracts/RSA/ResourcesSharingAgreement.sol,contracts/RSA/ResourcesSharingAgreement.sol:425-426-427-428-429-430-431-432-433-434-435-436-437-438-439-440,"ResourcesSharingAgreement.rejectRsa(bytes20) (contracts/RSA/ResourcesSharingAgreement.sol#425-440) uses timestamp for comparisons Dangerous comparisons: - require(bool,string)(rsa.provider != address(0),Invalid Rsa ID) (contracts/RSA/ResourcesSharingAgreement.sol#427) - require(bool,string)(rsa.state == RsaState.Pending,Can only reject a pending Rsa) (contracts/RSA/ResourcesSharingAgreement.sol#429)",legacy/non-VCEM,accepted-risk,Legacy timestamp use is outside the VCEM authorization claim and is retained for backward compatibility.,See tests for expired requests and reports/security/VCEM_SECURITY_INVARIANTS.md.
SLITHER-047,timestamp,Low,verifyResource,contracts/ResourceCertification.sol,contracts/ResourceCertification.sol:111-112-113-114-115-116-117-118-119-120-121-122-123-124-125-126-127-128-129-130-131-132-133-134,"ResourceCertification.verifyResource(string) (contracts/ResourceCertification.sol#111-134) uses timestamp for comparisons Dangerous comparisons: - require(bool,string)(index < certificates.length,Resource not certified) (contracts/ResourceCertification.sol#125)",legacy/non-VCEM,accepted-risk,Legacy timestamp use is outside the VCEM authorization claim and is retained for backward compatibility.,See tests for expired requests and reports/security/VCEM_SECURITY_INVARIANTS.md.
SLITHER-048,timestamp,Low,cancelRsa,contracts/RSA/ResourcesSharingAgreement.sol,contracts/RSA/ResourcesSharingAgreement.sol:408-409-410-411-412-413-414-415-416-417-418-419-420-421-422-423,"ResourcesSharingAgreement.cancelRsa(bytes20) (contracts/RSA/ResourcesSharingAgreement.sol#408-423) uses timestamp for comparisons Dangerous comparisons: - require(bool,string)(rsa.provider != address(0),Invalid Rsa ID) (contracts/RSA/ResourcesSharingAgreement.sol#410) - require(bool,string)(rsa.state == RsaState.Pending,Can only cancel a pending Rsa) (contracts/RSA/ResourcesSharingAgreement.sol#412)",legacy/non-VCEM,accepted-risk,Legacy timestamp use is outside the VCEM authorization claim and is retained for backward compatibility.,See tests for expired requests and reports/security/VCEM_SECURITY_INVARIANTS.md.
SLITHER-049,assembly,Informational,recoverSigner,contracts/vcem/libraries/VCEMSecurity.sol,contracts/vcem/libraries/VCEMSecurity.sol:5-6-7-8-9-10-11-12-13-14-15-16-17-18-19-20-21-22-23-24-25-26,"VCEMSecurity.recoverSigner(bytes32,bytes) (contracts/vcem/libraries/VCEMSecurity.sol#5-26) uses assembly - INLINE ASM (contracts/vcem/libraries/VCEMSecurity.sol#10-14)",direct,accepted-risk,The assembly block parses ECDSA signature fields in VCEMSecurity.recoverSigner; invalid signatures and signed-field mutation are covered by unit and property tests.,See VCEMSecurity signature verification tests and signed-field mutation property.
SLITHER-050,costly-loop,Informational,_removeObserverAssignment,contracts/RSA/ResourcesSharingAgreement.sol,contracts/RSA/ResourcesSharingAgreement.sol:243-244-245-246-247-248-249-250-251-252-253-254-255-256-257-258,"ResourcesSharingAgreement._removeObserverAssignment(bytes20,bytes20) (contracts/RSA/ResourcesSharingAgreement.sol#243-258) has costly operations inside a loop: - delete observerAssignments[_assignmentId] (contracts/RSA/ResourcesSharingAgreement.sol#254) Calls stack containing the loop: ResourcesSharingAgreement.revokeRsa(bytes20)",legacy/non-VCEM,accepted-risk,The loop is a legacy gas-scaling concern and not part of the VCEM per-access authorization invariant.,Retained legacy behavior; monitor gas bounds if legacy RSA is used.
SLITHER-051,solc-version,Informational,0.8.20,contracts/vcem/VCEMAudit.sol,contracts/vcem/VCEMAudit.sol:2,Version constraint 0.8.20 contains known severe issues (https://solidity.readthedocs.io/en/latest/bugs.html) - VerbatimInvalidDeduplication - FullInlinerNonExpressionSplitArgumentEvaluationOrder - MissingSideEffectsOnSelectorAccess. It is used by: - 0.8.20 (contracts/vcem/VCEMAudit.sol#2) - 0.8.20 (contracts/vcem/VCEMConsent.sol#2) - 0.8.20 (contracts/vcem/VCEMRegistry.sol#2) - 0.8.20 (contracts/vcem/VCEMTypes.sol#2) - 0.8.20 (contracts/vcem/interfaces/IVCEMConsent.sol#2) - 0.8.20 (contracts/vcem/interfaces/IVCEMRegistry.sol#2) - 0.8.20 (contracts/vcem/libraries/CanonicalHash.sol#2) - 0.8.20 (contracts/vcem/libraries/VCEMSecurity.sol#2),direct,accepted-risk,Compiler versions are pinned in Hardhat with local soljson packages; VCEM remains Solidity 0.8.20 for manuscript alignment and legacy contracts remain on 0.8.27.,See hardhat.config.ts and package-lock.json for pinned compiler resolution.
SLITHER-052,missing-inheritance,Informational,Utils,contracts/Utils.sol,contracts/Utils.sol:4-5-6-7-8-9-10-11-12-13-14-15-16-17-18-19-20-21-22-23-24-25-26-27-28-29-30-31-32-33-34-35-36-37-38-39-40-41-42-43-44-45-46-47-48-49-50-51-52-53-54-55-56-57-58-59-60-61-62-63-64-65-66-67-68-69-70-71-72-73-74-75-76-77-78-79-80-81-82-83,Utils (contracts/Utils.sol#4-83) should inherit from IUtils (contracts/DSA/DataSharingAgreement.sol#5-14),legacy/non-VCEM,not-applicable,Interface-style warning in legacy contract structure; no runtime authorization defect was identified.,No source change; informational legacy style finding.
SLITHER-053,missing-inheritance,Informational,Registries,contracts/Registries.sol,contracts/Registries.sol:4-5-6-7-8-9-10-11-12-13-14-15-16-17-18-19-20-21-22-23-24-25-26-27-28-29-30-31-32-33-34-35-36-37-38-39-40-41-42-43-44-45-46-47-48-49-50-51-52-53-54-55-56-57-58-59-60-61-62-63-64-65-66-67-68-69-70-71-72-73-74-75-76-77-78-79-80-81-82-83-84-85-86-87-88-89-90-91-92-93-94-95-96-97-98-99-100-101-102-103-104-105-106-107-108-109-110-111-112-113-114-115-116-117-118-119-120-121-122-123-124-125-126-127-128-129-130-131-132-133-134-135-136-137-138-139-140-141-142-143-144-145-146-147-148-149-150-151-152-153-154-155-156-157-158-159-160-161-162-163-164-165-166-167-168-169-170-171-172-173-174-175,Registries (contracts/Registries.sol#4-175) should inherit from IRegistries (contracts/RSA/ResourcesSharingAgreement.sol#22-32),legacy/non-VCEM,not-applicable,Interface-style warning in legacy contract structure; no runtime authorization defect was identified.,No source change; informational legacy style finding.
SLITHER-054,missing-inheritance,Informational,ResourcesSharingAgreement,contracts/RSA/ResourcesSharingAgreement.sol,contracts/RSA/ResourcesSharingAgreement.sol:48-49-50-51-52-53-54-55-56-57-58-59-60-61-62-63-64-65-66-67-68-69-70-71-72-73-74-75-76-77-78-79-80-81-82-83-84-85-86-87-88-89-90-91-92-93-94-95-96-97-98-99-100-101-102-103-104-105-106-107-108-109-110-111-112-113-114-115-116-117-118-119-120-121-122-123-124-125-126-127-128-129-130-131-132-133-134-135-136-137-138-139-140-141-142-143-144-145-146-147-148-149-150-151-152-153-154-155-156-157-158-159-160-161-162-163-164-165-166-167-168-169-170-171-172-173-174-175-176-177-178-179-180-181-182-183-184-185-186-187-188-189-190-191-192-193-194-195-196-197-198-199-200-201-202-203-204-205-206-207-208-209-210-211-212-213-214-215-216-217-218-219-220-221-222-223-224-225-226-227-228-229-230-231-232-233-234-235-236-237-238-239-240-241-242-243-244-245-246-247-248-249-250-251-252-253-254-255-256-257-258-259-260-261-262-263-264-265-266-267-268-269-270-271-272-273-274-275-276-277-278-279-280-281-282-283-284-285-286-287-288-289-290-291-292-293-294-295-296-297-298-299-300-301-302-303-304-305-306-307-308-309-310-311-312-313-314-315-316-317-318-319-320-321-322-323-324-325-326-327-328-329-330-331-332-333-334-335-336-337-338-339-340-341-342-343-344-345-346-347-348-349-350-351-352-353-354-355-356-357-358-359-360-361-362-363-364-365-366-367-368-369-370-371-372-373-374-375-376-377-378-379-380-381-382-383-384-385-386-387-388-389-390-391-392-393-394-395-396-397-398-399-400-401-402-403-404-405-406-407-408-409-410-411-412-413-414-415-416-417-418-419-420-421-422-423-424-425-426-427-428-429-430-431-432-433-434-435-436-437-438-439-440-441-442-443-444-445-446-447-448-449-450-451-452-453-454-455-456-457-458-459-460-461-462-463-464-465-466-467-468-469-470-471-472-473-474-475-476-477-478-479-480-481-482-483-484-485-486-487-488-489-490-491-492-493-494-495-496-497-498-499-500-501-502-503-504-505-506-507-508-509-510-511-512-513-514-515-516-517-518-519-520-521-522-523-524-525-526-527-528-529-530-531-532-533-534-535-536-537-538-539-540-541-542-543-544-545-546-547-548-549-550-551-552-553-554-555-556-557-558-559-560-561-562-563-564-565-566-567-568-569-570-571-572-573-574-575-576-577-578-579-580-581-582-583-584-585-586-587-588-589-590-591-592-593-594-595-596-597-598-599-600-601-602-603-604-605-606-607-608-609-610-611-612-613-614-615-616-617-618-619-620-621-622-623-624-625-626-627-628-629-630-631-632-633-634-635-636-637-638-639-640-641-642-643-644-645-646-647-648-649-650-651-652-653-654-655-656-657-658-659-660-661-662-663-664-665-666-667-668-669-670-671-672-673-674-675-676-677-678-679-680-681-682-683-684-685-686-687-688-689-690-691-692-693-694-695-696-697-698-699-700-701-702-703-704-705-706-707-708-709-710-711-712-713-714-715-716-717-718-719-720-721-722-723-724-725-726-727-728-729-730-731-732-733-734-735-736-737-738-739-740-741-742-743-744-745-746-747-748-749-750-751-752-753-754-755-756-757-758-759-760-761-762-763-764-765-766-767-768-769-770-771-772-773-774-775-776-777-778-779-780-781-782-783-784-785-786-787-788-789-790-791-792-793-794-795-796-797-798-799-800-801-802-803-804-805-806-807-808-809-810-811-812-813-814-815-816-817-818-819-820-821-822-823-824-825-826-827-828-829-830-831-832-833-834-835-836-837-838-839-840-841-842-843-844-845-846-847-848-849-850-851,ResourcesSharingAgreement (contracts/RSA/ResourcesSharingAgreement.sol#48-851) should inherit from IResourcesSharingAgreement (contracts/RSA/RsaEnumerator.sol#8-55),legacy/non-VCEM,not-applicable,Interface-style warning in legacy contract structure; no runtime authorization defect was identified.,No source change; informational legacy style finding.
SLITHER-055,missing-inheritance,Informational,DataSharingAgreement,contracts/DSA/DataSharingAgreement.sol,contracts/DSA/DataSharingAgreement.sol:24-25-26-27-28-29-30-31-32-33-34-35-36-37-38-39-40-41-42-43-44-45-46-47-48-49-50-51-52-53-54-55-56-57-58-59-60-61-62-63-64-65-66-67-68-69-70-71-72-73-74-75-76-77-78-79-80-81-82-83-84-85-86-87-88-89-90-91-92-93-94-95-96-97-98-99-100-101-102-103-104-105-106-107-108-109-110-111-112-113-114-115-116-117-118-119-120-121-122-123-124-125-126-127-128-129-130-131-132-133-134-135-136-137-138-139-140-141-142-143-144-145-146-147-148-149-150-151-152-153-154-155-156-157-158-159-160-161-162-163-164-165-166-167-168-169-170-171-172-173-174-175-176-177-178-179-180-181-182-183-184-185-186-187-188-189-190-191-192-193-194-195-196-197-198-199-200-201-202-203-204-205-206-207-208-209-210-211-212-213-214-215-216-217-218-219-220-221-222-223-224-225-226-227-228-229-230-231-232-233-234-235-236-237-238-239-240-241-242-243-244-245-246-247-248-249-250-251-252-253-254-255-256-257-258-259-260-261-262-263-264-265-266-267-268-269-270-271-272-273-274-275-276-277-278-279-280-281-282-283-284-285-286-287-288-289-290-291-292-293-294-295-296-297-298-299-300-301-302-303-304-305,DataSharingAgreement (contracts/DSA/DataSharingAgreement.sol#24-305) should inherit from IDataSharingAgreement (contracts/DSA/DsaEnumerator.sol#8-36),legacy/non-VCEM,not-applicable,Interface-style warning in legacy contract structure; no runtime authorization defect was identified.,No source change; informational legacy style finding.
SLITHER-056,missing-inheritance,Informational,ResourceCertification,contracts/ResourceCertification.sol,contracts/ResourceCertification.sol:8-9-10-11-12-13-14-15-16-17-18-19-20-21-22-23-24-25-26-27-28-29-30-31-32-33-34-35-36-37-38-39-40-41-42-43-44-45-46-47-48-49-50-51-52-53-54-55-56-57-58-59-60-61-62-63-64-65-66-67-68-69-70-71-72-73-74-75-76-77-78-79-80-81-82-83-84-85-86-87-88-89-90-91-92-93-94-95-96-97-98-99-100-101-102-103-104-105-106-107-108-109-110-111-112-113-114-115-116-117-118-119-120-121-122-123-124-125-126-127-128-129-130-131-132-133-134-135,ResourceCertification (contracts/ResourceCertification.sol#8-135) should inherit from IResourceCertification (contracts/RSA/ResourcesSharingAgreement.sol#34-46),legacy/non-VCEM,not-applicable,Interface-style warning in legacy contract structure; no runtime authorization defect was identified.,No source change; informational legacy style finding.
SLITHER-057,naming-convention,Informational,_limit,contracts/DSA/DsaEnumerator.sol,contracts/DSA/DsaEnumerator.sol:163,"Parameter DsaEnumerator.getDsasByRecipient(address,string,uint256,uint256)._limit (contracts/DSA/DsaEnumerator.sol#163) is not in mixedCase",legacy/non-VCEM,not-applicable,"Style-only naming warning, including underscore-prefixed parameters used to avoid shadowing; no security impact.",No source change; informational style finding.
SLITHER-058,naming-convention,Informational,_dsaId,contracts/DSA/DataSharingAgreement.sol,contracts/DSA/DataSharingAgreement.sol:247,Parameter DataSharingAgreement.getDsaInfo(bytes20)._dsaId (contracts/DSA/DataSharingAgreement.sol#247) is not in mixedCase,legacy/non-VCEM,not-applicable,"Style-only naming warning, including underscore-prefixed parameters used to avoid shadowing; no security impact.",No source change; informational style finding.
SLITHER-059,naming-convention,Informational,_organization,contracts/Registries.sol,contracts/Registries.sol:153,Parameter Registries.removeHealthcareOrganization(address)._organization (contracts/Registries.sol#153) is not in mixedCase,legacy/non-VCEM,not-applicable,"Style-only naming warning, including underscore-prefixed parameters used to avoid shadowing; no security impact.",No source change; informational style finding.
SLITHER-060,naming-convention,Informational,_recipient,contracts/DSA/DataSharingAgreement.sol,contracts/DSA/DataSharingAgreement.sol:276,"Parameter DataSharingAgreement.getDsaByParties(address,address)._recipient (contracts/DSA/DataSharingAgreement.sol#276) is not in mixedCase",legacy/non-VCEM,not-applicable,"Style-only naming warning, including underscore-prefixed parameters used to avoid shadowing; no security impact.",No source change; informational style finding.
SLITHER-061,naming-convention,Informational,_observer,contracts/RSA/RsaEnumerator.sol,contracts/RSA/RsaEnumerator.sol:248,"Parameter RsaEnumerator.getObserverRsaCount(address,string)._observer (contracts/RSA/RsaEnumerator.sol#248) is not in mixedCase",legacy/non-VCEM,not-applicable,"Style-only naming warning, including underscore-prefixed parameters used to avoid shadowing; no security impact.",No source change; informational style finding.
SLITHER-062,naming-convention,Informational,_rsaId,contracts/RSA/ResourcesSharingAgreement.sol,contracts/RSA/ResourcesSharingAgreement.sol:644,"Parameter ResourcesSharingAgreement.removeObserverAssignment(bytes20,address,string)._rsaId (contracts/RSA/ResourcesSharingAgreement.sol#644) is not in mixedCase",legacy/non-VCEM,not-applicable,"Style-only naming warning, including underscore-prefixed parameters used to avoid shadowing; no security impact.",No source change; informational style finding.
SLITHER-063,naming-convention,Informational,_offset,contracts/RSA/RsaEnumerator.sol,contracts/RSA/RsaEnumerator.sol:201,"Parameter RsaEnumerator.getRsasByRecipient(address,string,uint256,uint256)._offset (contracts/RSA/RsaEnumerator.sol#201) is not in mixedCase",legacy/non-VCEM,not-applicable,"Style-only naming warning, including underscore-prefixed parameters used to avoid shadowing; no security impact.",No source change; informational style finding.
SLITHER-064,naming-convention,Informational,_stateFilter,contracts/RSA/RsaEnumerator.sol,contracts/RSA/RsaEnumerator.sol:200,"Parameter RsaEnumerator.getRsasByRecipient(address,string,uint256,uint256)._stateFilter (contracts/RSA/RsaEnumerator.sol#200) is not in mixedCase",legacy/non-VCEM,not-applicable,"Style-only naming warning, including underscore-prefixed parameters used to avoid shadowing; no security impact.",No source change; informational style finding.
SLITHER-065,naming-convention,Informational,_application,contracts/Registries.sol,contracts/Registries.sol:100,Parameter Registries.addTrustedApplication(address)._application (contracts/Registries.sol#100) is not in mixedCase,legacy/non-VCEM,not-applicable,"Style-only naming warning, including underscore-prefixed parameters used to avoid shadowing; no security impact.",No source change; informational style finding.
SLITHER-066,naming-convention,Informational,_offset,contracts/DSA/DsaEnumerator.sol,contracts/DSA/DsaEnumerator.sol:162,"Parameter DsaEnumerator.getDsasByRecipient(address,string,uint256,uint256)._offset (contracts/DSA/DsaEnumerator.sol#162) is not in mixedCase",legacy/non-VCEM,not-applicable,"Style-only naming warning, including underscore-prefixed parameters used to avoid shadowing; no security impact.",No source change; informational style finding.
SLITHER-067,naming-convention,Informational,_resourceId,contracts/ResourceCertification.sol,contracts/ResourceCertification.sol:80,Parameter ResourceCertification.removeCertificate(string)._resourceId (contracts/ResourceCertification.sol#80) is not in mixedCase,legacy/non-VCEM,not-applicable,"Style-only naming warning, including underscore-prefixed parameters used to avoid shadowing; no security impact.",No source change; informational style finding.
SLITHER-068,naming-convention,Informational,_addr,contracts/Registries.sol,contracts/Registries.sol:82,Parameter Registries.isTrustedIssuer(address)._addr (contracts/Registries.sol#82) is not in mixedCase,legacy/non-VCEM,not-applicable,"Style-only naming warning, including underscore-prefixed parameters used to avoid shadowing; no security impact.",No source change; informational style finding.
SLITHER-069,naming-convention,Informational,_dsaId,contracts/DSA/DataSharingAgreement.sol,contracts/DSA/DataSharingAgreement.sol:175,Parameter DataSharingAgreement.burnDsa(bytes20)._dsaId (contracts/DSA/DataSharingAgreement.sol#175) is not in mixedCase,legacy/non-VCEM,not-applicable,"Style-only naming warning, including underscore-prefixed parameters used to avoid shadowing; no security impact.",No source change; informational style finding.
SLITHER-070,naming-convention,Informational,_rsaId,contracts/RSA/ResourcesSharingAgreement.sol,contracts/RSA/ResourcesSharingAgreement.sol:442,Parameter ResourcesSharingAgreement.acceptRsa(bytes20)._rsaId (contracts/RSA/ResourcesSharingAgreement.sol#442) is not in mixedCase,legacy/non-VCEM,not-applicable,"Style-only naming warning, including underscore-prefixed parameters used to avoid shadowing; no security impact.",No source change; informational style finding.
SLITHER-071,naming-convention,Informational,_recipient,contracts/RSA/ResourcesSharingAgreement.sol,contracts/RSA/ResourcesSharingAgreement.sol:318,"Parameter ResourcesSharingAgreement.createRsa(address,string,string,bool,string[])._recipient (contracts/RSA/ResourcesSharingAgreement.sol#318) is not in mixedCase",legacy/non-VCEM,not-applicable,"Style-only naming warning, including underscore-prefixed parameters used to avoid shadowing; no security impact.",No source change; informational style finding.
SLITHER-072,naming-convention,Informational,_observer,contracts/RSA/RsaEnumerator.sol,contracts/RSA/RsaEnumerator.sol:281,"Parameter RsaEnumerator.getRsasByObserver(address,string,uint256,uint256)._observer (contracts/RSA/RsaEnumerator.sol#281) is not in mixedCase",legacy/non-VCEM,not-applicable,"Style-only naming warning, including underscore-prefixed parameters used to avoid shadowing; no security impact.",No source change; informational style finding.
SLITHER-073,naming-convention,Informational,_timestamp,contracts/Utils.sol,contracts/Utils.sol:48,"Parameter Utils.generateAssignmentId(bytes20,uint256,uint256)._timestamp (contracts/Utils.sol#48) is not in mixedCase",legacy/non-VCEM,not-applicable,"Style-only naming warning, including underscore-prefixed parameters used to avoid shadowing; no security impact.",No source change; informational style finding.
SLITHER-074,naming-convention,Informational,_professional,contracts/Registries.sol,contracts/Registries.sol:132,Parameter Registries.removeHealthcareProfessional(address)._professional (contracts/Registries.sol#132) is not in mixedCase,legacy/non-VCEM,not-applicable,"Style-only naming warning, including underscore-prefixed parameters used to avoid shadowing; no security impact.",No source change; informational style finding.
SLITHER-075,naming-convention,Informational,_rsaId,contracts/Utils.sol,contracts/Utils.sol:47,"Parameter Utils.generateAssignmentId(bytes20,uint256,uint256)._rsaId (contracts/Utils.sol#47) is not in mixedCase",legacy/non-VCEM,not-applicable,"Style-only naming warning, including underscore-prefixed parameters used to avoid shadowing; no security impact.",No source change; informational style finding.
SLITHER-076,naming-convention,Informational,_recipient,contracts/DSA/DsaEnumerator.sol,contracts/DSA/DsaEnumerator.sol:136,"Parameter DsaEnumerator.getRecipientDsaCount(address,string)._recipient (contracts/DSA/DsaEnumerator.sol#136) is not in mixedCase",legacy/non-VCEM,not-applicable,"Style-only naming warning, including underscore-prefixed parameters used to avoid shadowing; no security impact.",No source change; informational style finding.
SLITHER-077,naming-convention,Informational,_rsaId,contracts/RSA/ResourcesSharingAgreement.sol,contracts/RSA/ResourcesSharingAgreement.sol:810,Parameter ResourcesSharingAgreement.getRsaById(bytes20)._rsaId (contracts/RSA/ResourcesSharingAgreement.sol#810) is not in mixedCase,legacy/non-VCEM,not-applicable,"Style-only naming warning, including underscore-prefixed parameters used to avoid shadowing; no security impact.",No source change; informational style finding.
SLITHER-078,naming-convention,Informational,_dsaId,contracts/DSA/DataSharingAgreement.sol,contracts/DSA/DataSharingAgreement.sol:253,Parameter DataSharingAgreement.getDsaById(bytes20)._dsaId (contracts/DSA/DataSharingAgreement.sol#253) is not in mixedCase,legacy/non-VCEM,not-applicable,"Style-only naming warning, including underscore-prefixed parameters used to avoid shadowing; no security impact.",No source change; informational style finding.
SLITHER-079,naming-convention,Informational,_professional,contracts/Registries.sol,contracts/Registries.sol:93,Parameter Registries.addHealthcareProfessional(address)._professional (contracts/Registries.sol#93) is not in mixedCase,legacy/non-VCEM,not-applicable,"Style-only naming warning, including underscore-prefixed parameters used to avoid shadowing; no security impact.",No source change; informational style finding.
SLITHER-080,naming-convention,Informational,_secondOpinion,contracts/RSA/ResourcesSharingAgreement.sol,contracts/RSA/ResourcesSharingAgreement.sol:321,"Parameter ResourcesSharingAgreement.createRsa(address,string,string,bool,string[])._secondOpinion (contracts/RSA/ResourcesSharingAgreement.sol#321) is not in mixedCase",legacy/non-VCEM,not-applicable,"Style-only naming warning, including underscore-prefixed parameters used to avoid shadowing; no security impact.",No source change; informational style finding.
SLITHER-081,naming-convention,Informational,_observer,contracts/RSA/ResourcesSharingAgreement.sol,contracts/RSA/ResourcesSharingAgreement.sol:645,"Parameter ResourcesSharingAgreement.removeObserverAssignment(bytes20,address,string)._observer (contracts/RSA/ResourcesSharingAgreement.sol#645) is not in mixedCase",legacy/non-VCEM,not-applicable,"Style-only naming warning, including underscore-prefixed parameters used to avoid shadowing; no security impact.",No source change; informational style finding.
SLITHER-082,naming-convention,Informational,_duration,contracts/DataSharingAgreementZKP.sol,contracts/DataSharingAgreementZKP.sol:50,"Parameter DataSharingAgreementZKP.createDsaWithProof(string,string,uint256[2],uint256[2][2],uint256[2],uint256[1])._duration (contracts/DataSharingAgreementZKP.sol#50) is not in mixedCase",legacy/non-VCEM,not-applicable,"Style-only naming warning, including underscore-prefixed parameters used to avoid shadowing; no security impact.",No source change; informational style finding.
SLITHER-083,naming-convention,Informational,_recipientCommitment,contracts/Utils.sol,contracts/Utils.sol:76,"Parameter Utils.generateDsaIdFromCommitments(uint256,uint256)._recipientCommitment (contracts/Utils.sol#76) is not in mixedCase",legacy/non-VCEM,not-applicable,"Style-only naming warning, including underscore-prefixed parameters used to avoid shadowing; no security impact.",No source change; informational style finding.
SLITHER-084,naming-convention,Informational,_provider,contracts/Utils.sol,contracts/Utils.sol:20,"Parameter Utils.generateRsaId(address,address,string)._provider (contracts/Utils.sol#20) is not in mixedCase",legacy/non-VCEM,not-applicable,"Style-only naming warning, including underscore-prefixed parameters used to avoid shadowing; no security impact.",No source change; informational style finding.
SLITHER-085,naming-convention,Informational,_recipient,contracts/DSA/DsaEnumerator.sol,contracts/DSA/DsaEnumerator.sol:160,"Parameter DsaEnumerator.getDsasByRecipient(address,string,uint256,uint256)._recipient (contracts/DSA/DsaEnumerator.sol#160) is not in mixedCase",legacy/non-VCEM,not-applicable,"Style-only naming warning, including underscore-prefixed parameters used to avoid shadowing; no security impact.",No source change; informational style finding.
SLITHER-086,naming-convention,Informational,_dsaId,contracts/DataSharingAgreementZKP.sol,contracts/DataSharingAgreementZKP.sol:102,Parameter DataSharingAgreementZKP.getDsaInfo(bytes20)._dsaId (contracts/DataSharingAgreementZKP.sol#102) is not in mixedCase,legacy/non-VCEM,not-applicable,"Style-only naming warning, including underscore-prefixed parameters used to avoid shadowing; no security impact.",No source change; informational style finding.
SLITHER-087,naming-convention,Informational,_provider,contracts/DSA/DsaEnumerator.sol,contracts/DSA/DsaEnumerator.sol:89,"Parameter DsaEnumerator.getDsasByProvider(address,string,uint256,uint256)._provider (contracts/DSA/DsaEnumerator.sol#89) is not in mixedCase",legacy/non-VCEM,not-applicable,"Style-only naming warning, including underscore-prefixed parameters used to avoid shadowing; no security impact.",No source change; informational style finding.
SLITHER-088,naming-convention,Informational,_provider,contracts/RSA/RsaEnumerator.sol,contracts/RSA/RsaEnumerator.sol:126,"Parameter RsaEnumerator.getRsasByProvider(address,string,uint256,uint256)._provider (contracts/RSA/RsaEnumerator.sol#126) is not in mixedCase",legacy/non-VCEM,not-applicable,"Style-only naming warning, including underscore-prefixed parameters used to avoid shadowing; no security impact.",No source change; informational style finding.
SLITHER-089,naming-convention,Informational,_rsaId,contracts/RSA/ResourcesSharingAgreement.sol,contracts/RSA/ResourcesSharingAgreement.sol:722,"Parameter ResourcesSharingAgreement.authorizeAndLogAccess(bytes20,string,address,string)._rsaId (contracts/RSA/ResourcesSharingAgreement.sol#722) is not in mixedCase",legacy/non-VCEM,not-applicable,"Style-only naming warning, including underscore-prefixed parameters used to avoid shadowing; no security impact.",No source change; informational style finding.
SLITHER-090,naming-convention,Informational,_issuer,contracts/Registries.sol,contracts/Registries.sol:113,Parameter Registries.addTrustedIssuer(address)._issuer (contracts/Registries.sol#113) is not in mixedCase,legacy/non-VCEM,not-applicable,"Style-only naming warning, including underscore-prefixed parameters used to avoid shadowing; no security impact.",No source change; informational style finding.
SLITHER-091,naming-convention,Informational,_rsaId,contracts/RSA/ResourcesSharingAgreement.sol,contracts/RSA/ResourcesSharingAgreement.sol:814,Parameter ResourcesSharingAgreement.getRsaState(bytes20)._rsaId (contracts/RSA/ResourcesSharingAgreement.sol#814) is not in mixedCase,legacy/non-VCEM,not-applicable,"Style-only naming warning, including underscore-prefixed parameters used to avoid shadowing; no security impact.",No source change; informational style finding.
SLITHER-092,naming-convention,Informational,_sharedData,contracts/DSA/DataSharingAgreement.sol,contracts/DSA/DataSharingAgreement.sol:125,"Parameter DataSharingAgreement.createDsa(address,string,string)._sharedData (contracts/DSA/DataSharingAgreement.sol#125) is not in mixedCase",legacy/non-VCEM,not-applicable,"Style-only naming warning, including underscore-prefixed parameters used to avoid shadowing; no security impact.",No source change; informational style finding.
SLITHER-093,naming-convention,Informational,_addr,contracts/Registries.sol,contracts/Registries.sol:72,Parameter Registries.isPatient(address)._addr (contracts/Registries.sol#72) is not in mixedCase,legacy/non-VCEM,not-applicable,"Style-only naming warning, including underscore-prefixed parameters used to avoid shadowing; no security impact.",No source change; informational style finding.
SLITHER-094,naming-convention,Informational,_rsaId,contracts/RSA/ResourcesSharingAgreement.sol,contracts/RSA/ResourcesSharingAgreement.sol:609,Parameter ResourcesSharingAgreement.rejectObserverAssignment(bytes20)._rsaId (contracts/RSA/ResourcesSharingAgreement.sol#609) is not in mixedCase,legacy/non-VCEM,not-applicable,"Style-only naming warning, including underscore-prefixed parameters used to avoid shadowing; no security impact.",No source change; informational style finding.
SLITHER-095,naming-convention,Informational,_rsaId,contracts/RSA/ResourcesSharingAgreement.sol,contracts/RSA/ResourcesSharingAgreement.sol:571,Parameter ResourcesSharingAgreement.acceptObserverAssignment(bytes20)._rsaId (contracts/RSA/ResourcesSharingAgreement.sol#571) is not in mixedCase,legacy/non-VCEM,not-applicable,"Style-only naming warning, including underscore-prefixed parameters used to avoid shadowing; no security impact.",No source change; informational style finding.
SLITHER-096,naming-convention,Informational,_limit,contracts/RSA/RsaEnumerator.sol,contracts/RSA/RsaEnumerator.sol:129,"Parameter RsaEnumerator.getRsasByProvider(address,string,uint256,uint256)._limit (contracts/RSA/RsaEnumerator.sol#129) is not in mixedCase",legacy/non-VCEM,not-applicable,"Style-only naming warning, including underscore-prefixed parameters used to avoid shadowing; no security impact.",No source change; informational style finding.
SLITHER-097,naming-convention,Informational,_resourceAccessor,contracts/RSA/ResourcesSharingAgreement.sol,contracts/RSA/ResourcesSharingAgreement.sol:724,"Parameter ResourcesSharingAgreement.authorizeAndLogAccess(bytes20,string,address,string)._resourceAccessor (contracts/RSA/ResourcesSharingAgreement.sol#724) is not in mixedCase",legacy/non-VCEM,not-applicable,"Style-only naming warning, including underscore-prefixed parameters used to avoid shadowing; no security impact.",No source change; informational style finding.
SLITHER-098,naming-convention,Informational,_addr,contracts/Registries.sol,contracts/Registries.sol:77,Parameter Registries.isHealthcareProfessional(address)._addr (contracts/Registries.sol#77) is not in mixedCase,legacy/non-VCEM,not-applicable,"Style-only naming warning, including underscore-prefixed parameters used to avoid shadowing; no security impact.",No source change; informational style finding.
SLITHER-099,naming-convention,Informational,_observer,contracts/RSA/ResourcesSharingAgreement.sol,contracts/RSA/ResourcesSharingAgreement.sol:504,"Parameter ResourcesSharingAgreement.createObserverAssignment(bytes20,address,string)._observer (contracts/RSA/ResourcesSharingAgreement.sol#504) is not in mixedCase",legacy/non-VCEM,not-applicable,"Style-only naming warning, including underscore-prefixed parameters used to avoid shadowing; no security impact.",No source change; informational style finding.
SLITHER-100,naming-convention,Informational,_recipient,contracts/DSA/DataSharingAgreement.sol,contracts/DSA/DataSharingAgreement.sol:123,"Parameter DataSharingAgreement.createDsa(address,string,string)._recipient (contracts/DSA/DataSharingAgreement.sol#123) is not in mixedCase",legacy/non-VCEM,not-applicable,"Style-only naming warning, including underscore-prefixed parameters used to avoid shadowing; no security impact.",No source change; informational style finding.
SLITHER-101,naming-convention,Informational,_observer,contracts/RSA/ResourcesSharingAgreement.sol,contracts/RSA/ResourcesSharingAgreement.sol:847,Parameter ResourcesSharingAgreement.getObserverRsas(address)._observer (contracts/RSA/ResourcesSharingAgreement.sol#847) is not in mixedCase,legacy/non-VCEM,not-applicable,"Style-only naming warning, including underscore-prefixed parameters used to avoid shadowing; no security impact.",No source change; informational style finding.
SLITHER-102,naming-convention,Informational,_recipient,contracts/DSA/DataSharingAgreement.sol,contracts/DSA/DataSharingAgreement.sol:301,Parameter DataSharingAgreement.getRecipientDsas(address)._recipient (contracts/DSA/DataSharingAgreement.sol#301) is not in mixedCase,legacy/non-VCEM,not-applicable,"Style-only naming warning, including underscore-prefixed parameters used to avoid shadowing; no security impact.",No source change; informational style finding.
SLITHER-103,naming-convention,Informational,_offset,contracts/RSA/RsaEnumerator.sol,contracts/RSA/RsaEnumerator.sol:128,"Parameter RsaEnumerator.getRsasByProvider(address,string,uint256,uint256)._offset (contracts/RSA/RsaEnumerator.sol#128) is not in mixedCase",legacy/non-VCEM,not-applicable,"Style-only naming warning, including underscore-prefixed parameters used to avoid shadowing; no security impact.",No source change; informational style finding.
SLITHER-104,naming-convention,Informational,_patient,contracts/Registries.sol,contracts/Registries.sol:87,Parameter Registries.addPatient(address)._patient (contracts/Registries.sol#87) is not in mixedCase,legacy/non-VCEM,not-applicable,"Style-only naming warning, including underscore-prefixed parameters used to avoid shadowing; no security impact.",No source change; informational style finding.
SLITHER-105,naming-convention,Informational,_recipient,contracts/RSA/RsaEnumerator.sol,contracts/RSA/RsaEnumerator.sol:175,"Parameter RsaEnumerator.getRecipientRsaCount(address,string)._recipient (contracts/RSA/RsaEnumerator.sol#175) is not in mixedCase",legacy/non-VCEM,not-applicable,"Style-only naming warning, including underscore-prefixed parameters used to avoid shadowing; no security impact.",No source change; informational style finding.
SLITHER-106,naming-convention,Informational,_dsaId,contracts/DSA/DataSharingAgreement.sol,contracts/DSA/DataSharingAgreement.sol:199,Parameter DataSharingAgreement.cancelDsa(bytes20)._dsaId (contracts/DSA/DataSharingAgreement.sol#199) is not in mixedCase,legacy/non-VCEM,not-applicable,"Style-only naming warning, including underscore-prefixed parameters used to avoid shadowing; no security impact.",No source change; informational style finding.
SLITHER-107,naming-convention,Informational,_limit,contracts/DSA/DsaEnumerator.sol,contracts/DSA/DsaEnumerator.sol:92,"Parameter DsaEnumerator.getDsasByProvider(address,string,uint256,uint256)._limit (contracts/DSA/DsaEnumerator.sol#92) is not in mixedCase",legacy/non-VCEM,not-applicable,"Style-only naming warning, including underscore-prefixed parameters used to avoid shadowing; no security impact.",No source change; informational style finding.
SLITHER-108,naming-convention,Informational,_stateFilter,contracts/RSA/RsaEnumerator.sol,contracts/RSA/RsaEnumerator.sol:104,"Parameter RsaEnumerator.getProviderRsaCount(address,string)._stateFilter (contracts/RSA/RsaEnumerator.sol#104) is not in mixedCase",legacy/non-VCEM,not-applicable,"Style-only naming warning, including underscore-prefixed parameters used to avoid shadowing; no security impact.",No source change; informational style finding.
SLITHER-109,naming-convention,Informational,_dsaId,contracts/DSA/DataSharingAgreement.sol,contracts/DSA/DataSharingAgreement.sol:187,Parameter DataSharingAgreement.rejectDsa(bytes20)._dsaId (contracts/DSA/DataSharingAgreement.sol#187) is not in mixedCase,legacy/non-VCEM,not-applicable,"Style-only naming warning, including underscore-prefixed parameters used to avoid shadowing; no security impact.",No source change; informational style finding.
SLITHER-110,naming-convention,Informational,_application,contracts/Registries.sol,contracts/Registries.sol:142,Parameter Registries.removeTrustedApplication(address)._application (contracts/Registries.sol#142) is not in mixedCase,legacy/non-VCEM,not-applicable,"Style-only naming warning, including underscore-prefixed parameters used to avoid shadowing; no security impact.",No source change; informational style finding.
SLITHER-111,naming-convention,Informational,_providerCommitment,contracts/Utils.sol,contracts/Utils.sol:75,"Parameter Utils.generateDsaIdFromCommitments(uint256,uint256)._providerCommitment (contracts/Utils.sol#75) is not in mixedCase",legacy/non-VCEM,not-applicable,"Style-only naming warning, including underscore-prefixed parameters used to avoid shadowing; no security impact.",No source change; informational style finding.
SLITHER-112,naming-convention,Informational,_addr,contracts/Registries.sol,contracts/Registries.sol:63,Parameter Registries.isHealthcareOrganization(address)._addr (contracts/Registries.sol#63) is not in mixedCase,legacy/non-VCEM,not-applicable,"Style-only naming warning, including underscore-prefixed parameters used to avoid shadowing; no security impact.",No source change; informational style finding.
SLITHER-113,naming-convention,Informational,_limit,contracts/RSA/RsaEnumerator.sol,contracts/RSA/RsaEnumerator.sol:284,"Parameter RsaEnumerator.getRsasByObserver(address,string,uint256,uint256)._limit (contracts/RSA/RsaEnumerator.sol#284) is not in mixedCase",legacy/non-VCEM,not-applicable,"Style-only naming warning, including underscore-prefixed parameters used to avoid shadowing; no security impact.",No source change; informational style finding.
SLITHER-114,naming-convention,Informational,_recipient,contracts/Utils.sol,contracts/Utils.sol:36,"Parameter Utils.generateDsaId(address,address)._recipient (contracts/Utils.sol#36) is not in mixedCase",legacy/non-VCEM,not-applicable,"Style-only naming warning, including underscore-prefixed parameters used to avoid shadowing; no security impact.",No source change; informational style finding.
SLITHER-115,naming-convention,Informational,_stateFilter,contracts/RSA/RsaEnumerator.sol,contracts/RSA/RsaEnumerator.sol:176,"Parameter RsaEnumerator.getRecipientRsaCount(address,string)._stateFilter (contracts/RSA/RsaEnumerator.sol#176) is not in mixedCase",legacy/non-VCEM,not-applicable,"Style-only naming warning, including underscore-prefixed parameters used to avoid shadowing; no security impact.",No source change; informational style finding.
SLITHER-116,naming-convention,Informational,_rsaId,contracts/RSA/ResourcesSharingAgreement.sol,contracts/RSA/ResourcesSharingAgreement.sol:408,Parameter ResourcesSharingAgreement.cancelRsa(bytes20)._rsaId (contracts/RSA/ResourcesSharingAgreement.sol#408) is not in mixedCase,legacy/non-VCEM,not-applicable,"Style-only naming warning, including underscore-prefixed parameters used to avoid shadowing; no security impact.",No source change; informational style finding.
SLITHER-117,naming-convention,Informational,_duration,contracts/DSA/DataSharingAgreement.sol,contracts/DSA/DataSharingAgreement.sol:124,"Parameter DataSharingAgreement.createDsa(address,string,string)._duration (contracts/DSA/DataSharingAgreement.sol#124) is not in mixedCase",legacy/non-VCEM,not-applicable,"Style-only naming warning, including underscore-prefixed parameters used to avoid shadowing; no security impact.",No source change; informational style finding.
SLITHER-118,naming-convention,Informational,_stateFilter,contracts/RSA/RsaEnumerator.sol,contracts/RSA/RsaEnumerator.sol:282,"Parameter RsaEnumerator.getRsasByObserver(address,string,uint256,uint256)._stateFilter (contracts/RSA/RsaEnumerator.sol#282) is not in mixedCase",legacy/non-VCEM,not-applicable,"Style-only naming warning, including underscore-prefixed parameters used to avoid shadowing; no security impact.",No source change; informational style finding.
SLITHER-119,naming-convention,Informational,_authority,contracts/Registries.sol,contracts/Registries.sol:172,Parameter Registries.removeHealthAuthority(address)._authority (contracts/Registries.sol#172) is not in mixedCase,legacy/non-VCEM,not-applicable,"Style-only naming warning, including underscore-prefixed parameters used to avoid shadowing; no security impact.",No source change; informational style finding.
SLITHER-120,naming-convention,Informational,_recipient,contracts/Utils.sol,contracts/Utils.sol:21,"Parameter Utils.generateRsaId(address,address,string)._recipient (contracts/Utils.sol#21) is not in mixedCase",legacy/non-VCEM,not-applicable,"Style-only naming warning, including underscore-prefixed parameters used to avoid shadowing; no security impact.",No source change; informational style finding.
SLITHER-121,naming-convention,Informational,_limit,contracts/RSA/RsaEnumerator.sol,contracts/RSA/RsaEnumerator.sol:202,"Parameter RsaEnumerator.getRsasByRecipient(address,string,uint256,uint256)._limit (contracts/RSA/RsaEnumerator.sol#202) is not in mixedCase",legacy/non-VCEM,not-applicable,"Style-only naming warning, including underscore-prefixed parameters used to avoid shadowing; no security impact.",No source change; informational style finding.
SLITHER-122,naming-convention,Informational,_recipientEmail,contracts/RSA/ResourcesSharingAgreement.sol,contracts/RSA/ResourcesSharingAgreement.sol:319,"Parameter ResourcesSharingAgreement.createRsa(address,string,string,bool,string[])._recipientEmail (contracts/RSA/ResourcesSharingAgreement.sol#319) is not in mixedCase",legacy/non-VCEM,not-applicable,"Style-only naming warning, including underscore-prefixed parameters used to avoid shadowing; no security impact.",No source change; informational style finding.
SLITHER-123,naming-convention,Informational,_provider,contracts/RSA/ResourcesSharingAgreement.sol,contracts/RSA/ResourcesSharingAgreement.sol:835,Parameter ResourcesSharingAgreement.getProviderRsas(address)._provider (contracts/RSA/ResourcesSharingAgreement.sol#835) is not in mixedCase,legacy/non-VCEM,not-applicable,"Style-only naming warning, including underscore-prefixed parameters used to avoid shadowing; no security impact.",No source change; informational style finding.
SLITHER-124,naming-convention,Informational,_authority,contracts/Registries.sol,contracts/Registries.sol:118,Parameter Registries.addHealthAuthority(address)._authority (contracts/Registries.sol#118) is not in mixedCase,legacy/non-VCEM,not-applicable,"Style-only naming warning, including underscore-prefixed parameters used to avoid shadowing; no security impact.",No source change; informational style finding.
SLITHER-125,naming-convention,Informational,_provider,contracts/DSA/DataSharingAgreement.sol,contracts/DSA/DataSharingAgreement.sol:295,Parameter DataSharingAgreement.getProviderDsas(address)._provider (contracts/DSA/DataSharingAgreement.sol#295) is not in mixedCase,legacy/non-VCEM,not-applicable,"Style-only naming warning, including underscore-prefixed parameters used to avoid shadowing; no security impact.",No source change; informational style finding.
SLITHER-126,naming-convention,Informational,_resourceId,contracts/ResourceCertification.sol,contracts/ResourceCertification.sol:112,Parameter ResourceCertification.verifyResource(string)._resourceId (contracts/ResourceCertification.sol#112) is not in mixedCase,legacy/non-VCEM,not-applicable,"Style-only naming warning, including underscore-prefixed parameters used to avoid shadowing; no security impact.",No source change; informational style finding.
SLITHER-127,naming-convention,Informational,_stateFilter,contracts/DSA/DsaEnumerator.sol,contracts/DSA/DsaEnumerator.sol:67,"Parameter DsaEnumerator.getProviderDsaCount(address,string)._stateFilter (contracts/DSA/DsaEnumerator.sol#67) is not in mixedCase",legacy/non-VCEM,not-applicable,"Style-only naming warning, including underscore-prefixed parameters used to avoid shadowing; no security impact.",No source change; informational style finding.
SLITHER-128,naming-convention,Informational,_dsaId,contracts/DataSharingAgreementZKP.sol,contracts/DataSharingAgreementZKP.sol:117,Parameter DataSharingAgreementZKP.getDsaState(bytes20)._dsaId (contracts/DataSharingAgreementZKP.sol#117) is not in mixedCase,legacy/non-VCEM,not-applicable,"Style-only naming warning, including underscore-prefixed parameters used to avoid shadowing; no security impact.",No source change; informational style finding.
SLITHER-129,naming-convention,Informational,_stateFilter,contracts/RSA/RsaEnumerator.sol,contracts/RSA/RsaEnumerator.sol:249,"Parameter RsaEnumerator.getObserverRsaCount(address,string)._stateFilter (contracts/RSA/RsaEnumerator.sol#249) is not in mixedCase",legacy/non-VCEM,not-applicable,"Style-only naming warning, including underscore-prefixed parameters used to avoid shadowing; no security impact.",No source change; informational style finding.
SLITHER-130,naming-convention,Informational,_rsaId,contracts/RSA/ResourcesSharingAgreement.sol,contracts/RSA/ResourcesSharingAgreement.sol:456,Parameter ResourcesSharingAgreement.revokeRsa(bytes20)._rsaId (contracts/RSA/ResourcesSharingAgreement.sol#456) is not in mixedCase,legacy/non-VCEM,not-applicable,"Style-only naming warning, including underscore-prefixed parameters used to avoid shadowing; no security impact.",No source change; informational style finding.
SLITHER-131,naming-convention,Informational,_sharedResources,contracts/RSA/ResourcesSharingAgreement.sol,contracts/RSA/ResourcesSharingAgreement.sol:322,"Parameter ResourcesSharingAgreement.createRsa(address,string,string,bool,string[])._sharedResources (contracts/RSA/ResourcesSharingAgreement.sol#322) is not in mixedCase",legacy/non-VCEM,not-applicable,"Style-only naming warning, including underscore-prefixed parameters used to avoid shadowing; no security impact.",No source change; informational style finding.
SLITHER-132,naming-convention,Informational,_provider,contracts/Utils.sol,contracts/Utils.sol:35,"Parameter Utils.generateDsaId(address,address)._provider (contracts/Utils.sol#35) is not in mixedCase",legacy/non-VCEM,not-applicable,"Style-only naming warning, including underscore-prefixed parameters used to avoid shadowing; no security impact.",No source change; informational style finding.
SLITHER-133,naming-convention,Informational,_provider,contracts/DSA/DataSharingAgreement.sol,contracts/DSA/DataSharingAgreement.sol:275,"Parameter DataSharingAgreement.getDsaByParties(address,address)._provider (contracts/DSA/DataSharingAgreement.sol#275) is not in mixedCase",legacy/non-VCEM,not-applicable,"Style-only naming warning, including underscore-prefixed parameters used to avoid shadowing; no security impact.",No source change; informational style finding.
SLITHER-134,naming-convention,Informational,_stateFilter,contracts/DSA/DsaEnumerator.sol,contracts/DSA/DsaEnumerator.sol:90,"Parameter DsaEnumerator.getDsasByProvider(address,string,uint256,uint256)._stateFilter (contracts/DSA/DsaEnumerator.sol#90) is not in mixedCase",legacy/non-VCEM,not-applicable,"Style-only naming warning, including underscore-prefixed parameters used to avoid shadowing; no security impact.",No source change; informational style finding.
SLITHER-135,naming-convention,Informational,_recipientEmail,contracts/Utils.sol,contracts/Utils.sol:22,"Parameter Utils.generateRsaId(address,address,string)._recipientEmail (contracts/Utils.sol#22) is not in mixedCase",legacy/non-VCEM,not-applicable,"Style-only naming warning, including underscore-prefixed parameters used to avoid shadowing; no security impact.",No source change; informational style finding.
SLITHER-136,naming-convention,Informational,_offset,contracts/DSA/DsaEnumerator.sol,contracts/DSA/DsaEnumerator.sol:91,"Parameter DsaEnumerator.getDsasByProvider(address,string,uint256,uint256)._offset (contracts/DSA/DsaEnumerator.sol#91) is not in mixedCase",legacy/non-VCEM,not-applicable,"Style-only naming warning, including underscore-prefixed parameters used to avoid shadowing; no security impact.",No source change; informational style finding.
SLITHER-137,naming-convention,Informational,_provider,contracts/DSA/DsaEnumerator.sol,contracts/DSA/DsaEnumerator.sol:66,"Parameter DsaEnumerator.getProviderDsaCount(address,string)._provider (contracts/DSA/DsaEnumerator.sol#66) is not in mixedCase",legacy/non-VCEM,not-applicable,"Style-only naming warning, including underscore-prefixed parameters used to avoid shadowing; no security impact.",No source change; informational style finding.
SLITHER-138,naming-convention,Informational,_organization,contracts/Registries.sol,contracts/Registries.sol:107,Parameter Registries.addHealthcareOrganization(address)._organization (contracts/Registries.sol#107) is not in mixedCase,legacy/non-VCEM,not-applicable,"Style-only naming warning, including underscore-prefixed parameters used to avoid shadowing; no security impact.",No source change; informational style finding.
SLITHER-139,naming-convention,Informational,_observerEmail,contracts/RSA/ResourcesSharingAgreement.sol,contracts/RSA/ResourcesSharingAgreement.sol:646,"Parameter ResourcesSharingAgreement.removeObserverAssignment(bytes20,address,string)._observerEmail (contracts/RSA/ResourcesSharingAgreement.sol#646) is not in mixedCase",legacy/non-VCEM,not-applicable,"Style-only naming warning, including underscore-prefixed parameters used to avoid shadowing; no security impact.",No source change; informational style finding.
SLITHER-140,naming-convention,Informational,_dsaId,contracts/DSA/DataSharingAgreement.sol,contracts/DSA/DataSharingAgreement.sol:269,Parameter DataSharingAgreement.getDsaState(bytes20)._dsaId (contracts/DSA/DataSharingAgreement.sol#269) is not in mixedCase,legacy/non-VCEM,not-applicable,"Style-only naming warning, including underscore-prefixed parameters used to avoid shadowing; no security impact.",No source change; informational style finding.
SLITHER-141,naming-convention,Informational,_rsaId,contracts/RSA/ResourcesSharingAgreement.sol,contracts/RSA/ResourcesSharingAgreement.sol:425,Parameter ResourcesSharingAgreement.rejectRsa(bytes20)._rsaId (contracts/RSA/ResourcesSharingAgreement.sol#425) is not in mixedCase,legacy/non-VCEM,not-applicable,"Style-only naming warning, including underscore-prefixed parameters used to avoid shadowing; no security impact.",No source change; informational style finding.
SLITHER-142,naming-convention,Informational,_offset,contracts/RSA/RsaEnumerator.sol,contracts/RSA/RsaEnumerator.sol:283,"Parameter RsaEnumerator.getRsasByObserver(address,string,uint256,uint256)._offset (contracts/RSA/RsaEnumerator.sol#283) is not in mixedCase",legacy/non-VCEM,not-applicable,"Style-only naming warning, including underscore-prefixed parameters used to avoid shadowing; no security impact.",No source change; informational style finding.
SLITHER-143,naming-convention,Informational,_issuer,contracts/Registries.sol,contracts/Registries.sol:163,Parameter Registries.removeTrustedIssuer(address)._issuer (contracts/Registries.sol#163) is not in mixedCase,legacy/non-VCEM,not-applicable,"Style-only naming warning, including underscore-prefixed parameters used to avoid shadowing; no security impact.",No source change; informational style finding.
SLITHER-144,naming-convention,Informational,_dsaId,contracts/DSA/DataSharingAgreement.sol,contracts/DSA/DataSharingAgreement.sol:163,Parameter DataSharingAgreement.acceptDsa(bytes20)._dsaId (contracts/DSA/DataSharingAgreement.sol#163) is not in mixedCase,legacy/non-VCEM,not-applicable,"Style-only naming warning, including underscore-prefixed parameters used to avoid shadowing; no security impact.",No source change; informational style finding.
SLITHER-145,naming-convention,Informational,_recipient,contracts/RSA/RsaEnumerator.sol,contracts/RSA/RsaEnumerator.sol:199,"Parameter RsaEnumerator.getRsasByRecipient(address,string,uint256,uint256)._recipient (contracts/RSA/RsaEnumerator.sol#199) is not in mixedCase",legacy/non-VCEM,not-applicable,"Style-only naming warning, including underscore-prefixed parameters used to avoid shadowing; no security impact.",No source change; informational style finding.
SLITHER-146,naming-convention,Informational,_blockNumber,contracts/Utils.sol,contracts/Utils.sol:49,"Parameter Utils.generateAssignmentId(bytes20,uint256,uint256)._blockNumber (contracts/Utils.sol#49) is not in mixedCase",legacy/non-VCEM,not-applicable,"Style-only naming warning, including underscore-prefixed parameters used to avoid shadowing; no security impact.",No source change; informational style finding.
SLITHER-147,naming-convention,Informational,_rsaId,contracts/RSA/ResourcesSharingAgreement.sol,contracts/RSA/ResourcesSharingAgreement.sol:805,Parameter ResourcesSharingAgreement.getRsaInfo(bytes20)._rsaId (contracts/RSA/ResourcesSharingAgreement.sol#805) is not in mixedCase,legacy/non-VCEM,not-applicable,"Style-only naming warning, including underscore-prefixed parameters used to avoid shadowing; no security impact.",No source change; informational style finding.
SLITHER-148,naming-convention,Informational,_duration,contracts/RSA/ResourcesSharingAgreement.sol,contracts/RSA/ResourcesSharingAgreement.sol:320,"Parameter ResourcesSharingAgreement.createRsa(address,string,string,bool,string[])._duration (contracts/RSA/ResourcesSharingAgreement.sol#320) is not in mixedCase",legacy/non-VCEM,not-applicable,"Style-only naming warning, including underscore-prefixed parameters used to avoid shadowing; no security impact.",No source change; informational style finding.
SLITHER-149,naming-convention,Informational,_dsaId,contracts/DataSharingAgreementZKP.sol,contracts/DataSharingAgreementZKP.sol:122,Parameter DataSharingAgreementZKP.getCommitments(bytes20)._dsaId (contracts/DataSharingAgreementZKP.sol#122) is not in mixedCase,legacy/non-VCEM,not-applicable,"Style-only naming warning, including underscore-prefixed parameters used to avoid shadowing; no security impact.",No source change; informational style finding.
SLITHER-150,naming-convention,Informational,_stateFilter,contracts/RSA/RsaEnumerator.sol,contracts/RSA/RsaEnumerator.sol:127,"Parameter RsaEnumerator.getRsasByProvider(address,string,uint256,uint256)._stateFilter (contracts/RSA/RsaEnumerator.sol#127) is not in mixedCase",legacy/non-VCEM,not-applicable,"Style-only naming warning, including underscore-prefixed parameters used to avoid shadowing; no security impact.",No source change; informational style finding.
SLITHER-151,naming-convention,Informational,_recipient,contracts/RSA/ResourcesSharingAgreement.sol,contracts/RSA/ResourcesSharingAgreement.sol:841,Parameter ResourcesSharingAgreement.getRecipientRsas(address)._recipient (contracts/RSA/ResourcesSharingAgreement.sol#841) is not in mixedCase,legacy/non-VCEM,not-applicable,"Style-only naming warning, including underscore-prefixed parameters used to avoid shadowing; no security impact.",No source change; informational style finding.
SLITHER-152,naming-convention,Informational,_stateFilter,contracts/DSA/DsaEnumerator.sol,contracts/DSA/DsaEnumerator.sol:137,"Parameter DsaEnumerator.getRecipientDsaCount(address,string)._stateFilter (contracts/DSA/DsaEnumerator.sol#137) is not in mixedCase",legacy/non-VCEM,not-applicable,"Style-only naming warning, including underscore-prefixed parameters used to avoid shadowing; no security impact.",No source change; informational style finding.
SLITHER-153,naming-convention,Informational,_duration,contracts/Utils.sol,contracts/Utils.sol:62,Parameter Utils.getDurationInSeconds(string)._duration (contracts/Utils.sol#62) is not in mixedCase,legacy/non-VCEM,not-applicable,"Style-only naming warning, including underscore-prefixed parameters used to avoid shadowing; no security impact.",No source change; informational style finding.
SLITHER-154,naming-convention,Informational,_rsaId,contracts/RSA/ResourcesSharingAgreement.sol,contracts/RSA/ResourcesSharingAgreement.sol:819,Parameter ResourcesSharingAgreement.getObserverAssignments(bytes20)._rsaId (contracts/RSA/ResourcesSharingAgreement.sol#819) is not in mixedCase,legacy/non-VCEM,not-applicable,"Style-only naming warning, including underscore-prefixed parameters used to avoid shadowing; no security impact.",No source change; informational style finding.
SLITHER-155,naming-convention,Informational,_rsaId,contracts/RSA/ResourcesSharingAgreement.sol,contracts/RSA/ResourcesSharingAgreement.sol:503,"Parameter ResourcesSharingAgreement.createObserverAssignment(bytes20,address,string)._rsaId (contracts/RSA/ResourcesSharingAgreement.sol#503) is not in mixedCase",legacy/non-VCEM,not-applicable,"Style-only naming warning, including underscore-prefixed parameters used to avoid shadowing; no security impact.",No source change; informational style finding.
SLITHER-156,naming-convention,Informational,_addr,contracts/Registries.sol,contracts/Registries.sol:58,Parameter Registries.isHealthAuthority(address)._addr (contracts/Registries.sol#58) is not in mixedCase,legacy/non-VCEM,not-applicable,"Style-only naming warning, including underscore-prefixed parameters used to avoid shadowing; no security impact.",No source change; informational style finding.
SLITHER-157,naming-convention,Informational,_addr,contracts/Registries.sol,contracts/Registries.sol:68,Parameter Registries.isTrustedApplication(address)._addr (contracts/Registries.sol#68) is not in mixedCase,legacy/non-VCEM,not-applicable,"Style-only naming warning, including underscore-prefixed parameters used to avoid shadowing; no security impact.",No source change; informational style finding.
SLITHER-158,naming-convention,Informational,_stateFilter,contracts/DSA/DsaEnumerator.sol,contracts/DSA/DsaEnumerator.sol:161,"Parameter DsaEnumerator.getDsasByRecipient(address,string,uint256,uint256)._stateFilter (contracts/DSA/DsaEnumerator.sol#161) is not in mixedCase",legacy/non-VCEM,not-applicable,"Style-only naming warning, including underscore-prefixed parameters used to avoid shadowing; no security impact.",No source change; informational style finding.
SLITHER-159,naming-convention,Informational,_resourceAccessorEmail,contracts/RSA/ResourcesSharingAgreement.sol,contracts/RSA/ResourcesSharingAgreement.sol:725,"Parameter ResourcesSharingAgreement.authorizeAndLogAccess(bytes20,string,address,string)._resourceAccessorEmail (contracts/RSA/ResourcesSharingAgreement.sol#725) is not in mixedCase",legacy/non-VCEM,not-applicable,"Style-only naming warning, including underscore-prefixed parameters used to avoid shadowing; no security impact.",No source change; informational style finding.
SLITHER-160,naming-convention,Informational,_sharedData,contracts/DataSharingAgreementZKP.sol,contracts/DataSharingAgreementZKP.sol:51,"Parameter DataSharingAgreementZKP.createDsaWithProof(string,string,uint256[2],uint256[2][2],uint256[2],uint256[1])._sharedData (contracts/DataSharingAgreementZKP.sol#51) is not in mixedCase",legacy/non-VCEM,not-applicable,"Style-only naming warning, including underscore-prefixed parameters used to avoid shadowing; no security impact.",No source change; informational style finding.
SLITHER-161,naming-convention,Informational,_resourceId,contracts/RSA/ResourcesSharingAgreement.sol,contracts/RSA/ResourcesSharingAgreement.sol:723,"Parameter ResourcesSharingAgreement.authorizeAndLogAccess(bytes20,string,address,string)._resourceId (contracts/RSA/ResourcesSharingAgreement.sol#723) is not in mixedCase",legacy/non-VCEM,not-applicable,"Style-only naming warning, including underscore-prefixed parameters used to avoid shadowing; no security impact.",No source change; informational style finding.
SLITHER-162,naming-convention,Informational,_provider,contracts/RSA/RsaEnumerator.sol,contracts/RSA/RsaEnumerator.sol:103,"Parameter RsaEnumerator.getProviderRsaCount(address,string)._provider (contracts/RSA/RsaEnumerator.sol#103) is not in mixedCase",legacy/non-VCEM,not-applicable,"Style-only naming warning, including underscore-prefixed parameters used to avoid shadowing; no security impact.",No source change; informational style finding.
SLITHER-163,naming-convention,Informational,_observerEmail,contracts/RSA/ResourcesSharingAgreement.sol,contracts/RSA/ResourcesSharingAgreement.sol:505,"Parameter ResourcesSharingAgreement.createObserverAssignment(bytes20,address,string)._observerEmail (contracts/RSA/ResourcesSharingAgreement.sol#505) is not in mixedCase",legacy/non-VCEM,not-applicable,"Style-only naming warning, including underscore-prefixed parameters used to avoid shadowing; no security impact.",No source change; informational style finding.
SLITHER-164,naming-convention,Informational,_providerCommitment,contracts/DataSharingAgreementZKP.sol,contracts/DataSharingAgreementZKP.sol:81,"Parameter DataSharingAgreementZKP.acceptDsaWithProof(uint256,string,uint256[2],uint256[2][2],uint256[2],uint256[1])._providerCommitment (contracts/DataSharingAgreementZKP.sol#81) is not in mixedCase",legacy/non-VCEM,not-applicable,"Style-only naming warning, including underscore-prefixed parameters used to avoid shadowing; no security impact.",No source change; informational style finding.
SLITHER-165,naming-convention,Informational,_subject,contracts/ResourceCertification.sol,contracts/ResourceCertification.sol:47,"Parameter ResourceCertification.certifyResource(string,address)._subject (contracts/ResourceCertification.sol#47) is not in mixedCase",legacy/non-VCEM,not-applicable,"Style-only naming warning, including underscore-prefixed parameters used to avoid shadowing; no security impact.",No source change; informational style finding.
SLITHER-166,naming-convention,Informational,_dsaId,contracts/DSA/DataSharingAgreement.sol,contracts/DSA/DataSharingAgreement.sol:211,Parameter DataSharingAgreement.revokeDsa(bytes20)._dsaId (contracts/DSA/DataSharingAgreement.sol#211) is not in mixedCase,legacy/non-VCEM,not-applicable,"Style-only naming warning, including underscore-prefixed parameters used to avoid shadowing; no security impact.",No source change; informational style finding.
SLITHER-167,naming-convention,Informational,_patient,contracts/Registries.sol,contracts/Registries.sol:123,Parameter Registries.removePatient(address)._patient (contracts/Registries.sol#123) is not in mixedCase,legacy/non-VCEM,not-applicable,"Style-only naming warning, including underscore-prefixed parameters used to avoid shadowing; no security impact.",No source change; informational style finding.
SLITHER-168,naming-convention,Informational,_resourceId,contracts/ResourceCertification.sol,contracts/ResourceCertification.sol:46,"Parameter ResourceCertification.certifyResource(string,address)._resourceId (contracts/ResourceCertification.sol#46) is not in mixedCase",legacy/non-VCEM,not-applicable,"Style-only naming warning, including underscore-prefixed parameters used to avoid shadowing; no security impact.",No source change; informational style finding.
